table_name,ordinal_position,column_name,data_type,is_nullable,column_default,primary_key_name,is_primary_key,foreign_key_name,referenced_schema,referenced_table,referenced_column,column_description,table_description,join_class,join_evidence
additional_fee,1,additional_fee_id,uuid,NO,NULL,pk_additional_fee,YES,,,,,Auto Generated Unique Primary Key,Holds key information regarding the addtional fee,NO_JOIN,
additional_fee,2,offer_id,uuid,NO,NULL,,NO,fk_offer_additional_fee,offer,offer,offer_id,FK to Offer entity,Holds key information regarding the addtional fee,CONTRACT_FK,Retained source FK with an available parent definition
additional_fee,3,fee_title,character varying(9),YES,NULL,,NO,,,,,Fee code,Holds key information regarding the addtional fee,NO_JOIN,
additional_fee,4,number_of_hours,"numeric(6,1)",NO,NULL,,NO,,,,,NULL,Holds key information regarding the addtional fee,NO_JOIN,
additional_fee,5,other_fee_title,character varying(50),YES,NULL,,NO,,,,,NULL,Holds key information regarding the addtional fee,NO_JOIN,
additional_fee,6,fee_frequency,character varying(50),NO,NULL,,NO,,,,,NULL,Holds key information regarding the addtional fee,NO_JOIN,
additional_fee,7,rate,"numeric(6,2)",NO,NULL,,NO,,,,,NULL,Holds key information regarding the addtional fee,NO_JOIN,
additional_fee,8,export_date,timestamp without time zone,YES,NULL,,NO,,,,,Source export timestamp carried into Silver for lineage and point-in-time reporting,Holds key information regarding the addtional fee,NO_JOIN,
foster_carer,1,foster_carer_id,uuid,NO,NULL,pk_foster_carer,YES,,,,,NULL,NULL,NO_JOIN,
foster_carer,2,offer_id,uuid,NO,NULL,,NO,fk_foster_carer_offer,offer,offer,offer_id,NULL,NULL,CONTRACT_FK,Retained source FK with an available parent definition
foster_carer,3,is_primary_carer,boolean,NO,NULL,,NO,,,,,NULL,NULL,NO_JOIN,
foster_carer,4,full_name,character varying(255),NO,NULL,,NO,,,,,NULL,NULL,NO_JOIN,
foster_carer,5,age,integer,NO,NULL,,NO,,,,,NULL,NULL,NO_JOIN,
foster_carer,6,language_code,character varying(9),NO,NULL,,NO,,,,,NULL,NULL,NO_JOIN,
foster_carer,7,language_other,character varying(100),YES,NULL,,NO,,,,,NULL,NULL,NO_JOIN,
foster_carer,8,gender_code,character varying(9),NO,NULL,,NO,,,,,NULL,NULL,NO_JOIN,
foster_carer,9,gender_other,character varying(100),YES,NULL,,NO,,,,,NULL,NULL,NO_JOIN,
foster_carer,10,ethnicity_code,character varying(9),NO,NULL,,NO,,,,,NULL,NULL,NO_JOIN,
foster_carer,11,ethnicity_other,character varying(100),YES,NULL,,NO,,,,,NULL,NULL,NO_JOIN,
foster_carer,12,religion_code,character varying(9),NO,NULL,,NO,,,,,NULL,NULL,NO_JOIN,
foster_carer,13,religion_other,character varying(100),YES,NULL,,NO,,,,,NULL,NULL,NO_JOIN,
foster_carer,14,phone_number,character varying(20),NO,NULL,,NO,,,,,NULL,NULL,NO_JOIN,
foster_carer,15,email_address,character varying(255),NO,NULL,,NO,,,,,NULL,NULL,NO_JOIN,
foster_carer,16,date_of_approval,timestamp without time zone,NO,NULL,,NO,,,,,NULL,NULL,NO_JOIN,
foster_carer,17,approval_details,text,NO,NULL,,NO,,,,,NULL,NULL,NO_JOIN,
foster_carer,18,export_date,timestamp without time zone,YES,NULL,,NO,,,,,Source export timestamp carried into Silver for lineage and point-in-time reporting,NULL,NO_JOIN,
foster_home,1,foster_home_id,uuid,NO,NULL,pk_foster_home,YES,,,,,NULL,NULL,NO_JOIN,
foster_home,2,offer_id,uuid,NO,NULL,,NO,fk_foster_home_offer,offer,offer,offer_id,NULL,NULL,CONTRACT_FK,Retained source FK with an available parent definition
foster_home,3,address_line1,character varying(255),NO,NULL,,NO,,,,,NULL,NULL,NO_JOIN,
foster_home,4,address_line2,character varying(255),YES,NULL,,NO,,,,,NULL,NULL,NO_JOIN,
foster_home,5,town_or_city,character varying(100),NO,NULL,,NO,,,,,NULL,NULL,NO_JOIN,
foster_home,6,county,character varying(100),YES,NULL,,NO,,,,,NULL,NULL,NO_JOIN,
foster_home,7,postcode,character varying(10),NO,NULL,,NO,,,,,NULL,NULL,NO_JOIN,
foster_home,8,has_pets,boolean,NO,NULL,,NO,,,,,NULL,NULL,NO_JOIN,
foster_home,9,pets_details,text,YES,NULL,,NO,,,,,NULL,NULL,NO_JOIN,
foster_home,10,export_date,timestamp without time zone,YES,NULL,,NO,,,,,Source export timestamp carried into Silver for lineage and point-in-time reporting,NULL,NO_JOIN,
foster_transport,1,foster_transport_id,uuid,NO,NULL,pk_foster_transport,YES,,,,,NULL,NULL,NO_JOIN,
foster_transport,2,offer_id,uuid,NO,NULL,,NO,fk_foster_transport_offer,offer,offer,offer_id,NULL,NULL,CONTRACT_FK,Retained source FK with an available parent definition
foster_transport,3,school_transport_provision,character varying(20),NO,NULL,,NO,,,,,NULL,NULL,NO_JOIN,
foster_transport,4,school_transport_details,text,YES,NULL,,NO,,,,,NULL,NULL,NO_JOIN,
foster_transport,5,family_transport_provision,character varying(20),NO,NULL,,NO,,,,,NULL,NULL,NO_JOIN,
foster_transport,6,family_transport_details,text,YES,NULL,,NO,,,,,NULL,NULL,NO_JOIN,
foster_transport,7,export_date,timestamp without time zone,YES,NULL,,NO,,,,,Source export timestamp carried into Silver for lineage and point-in-time reporting,NULL,NO_JOIN,
framework,1,framework_code,character varying(10),NO,,pk_framework,YES,,,,,Framework identifier observed in SI-007 archive output.,Framework parent key used by provider framework mappings.,CONTRACT_FK,SI-007 archive output primary-key evidence
framework,2,framework_name,text,YES,NULL,,NO,,,,,Framework name observed in supplied source-schema extract.,Framework parent key used by provider framework mappings.,NO_JOIN,
framework,3,start_date,date,YES,NULL,,NO,,,,,Framework start date observed in supplied source-schema extract.,Framework parent key used by provider framework mappings.,NO_JOIN,
framework,4,end_date,text,YES,NULL,,NO,,,,,Framework end date retained as source text pending source type confirmation.,Framework parent key used by provider framework mappings.,NO_JOIN,
framework,5,placement_type,text,YES,NULL,,NO,,,,,Framework placement type observed in supplied source-schema extract.,Framework parent key used by provider framework mappings.,NO_JOIN,
framework,6,export_date,timestamp without time zone,YES,NULL,,NO,,,,,Source export timestamp carried into Silver for lineage and point-in-time reporting,Framework parent key used by provider framework mappings.,NO_JOIN,
framework_category,1,framework_category_id,integer,NO,NULL,framework_category_pkey,YES,,,,,Unique framework category identifier,Framework placement categories,NO_JOIN,
framework_category,2,category_name,character varying(255),NO,NULL,,NO,,,,,Framework category name,Framework placement categories,NO_JOIN,
framework_category,3,framework_code,character varying(10),NO,NULL,,NO,trial_framework_category_framework_code,framework,framework,framework_code,Code of the associated framework,Framework placement categories,TRIAL_JOIN,SI-007 available-key and column-name match; validate in Fabric before approval
framework_category,4,export_date,timestamp without time zone,YES,NULL,,NO,,,,,Source export timestamp carried into Silver for lineage and point-in-time reporting,Framework placement categories,NO_JOIN,
holding_company,1,holding_company_id,uuid,NO,NULL,pk_provider_holding_company,YES,,,,,This is an autogenetaed UUID Primary Key,This entity will hold all details regarding a Holding Company,NO_JOIN,
holding_company,2,company_name,character varying(100),NO,NULL,,NO,,,,,The full name of the holding company,This entity will hold all details regarding a Holding Company,NO_JOIN,
holding_company,3,address_line_1,character varying(100),NO,NULL,,NO,,,,,"This should contain the primary address information, typically the house number and street name",This entity will hold all details regarding a Holding Company,NO_JOIN,
holding_company,4,address_line_2,character varying(100),YES,NULL,,NO,,,,,"This is for additional address details if necessary, such as the apartment or suite number",This entity will hold all details regarding a Holding Company,NO_JOIN,
holding_company,5,town_city,character varying(100),YES,NULL,,NO,,,,,The name of the town or city,This entity will hold all details regarding a Holding Company,NO_JOIN,
holding_company,6,county,character varying(100),YES,NULL,,NO,,,,,"While not always necessary, especially for larger cities, the county can be included for clarity",This entity will hold all details regarding a Holding Company,NO_JOIN,
holding_company,7,postcode,character varying(20),NO,NULL,,NO,,,,,"The UK postcode is a crucial element of the address, used to identify the precise location for mail delivery.",This entity will hold all details regarding a Holding Company,NO_JOIN,
holding_company,8,country,character varying(100),YES,NULL,,NO,,,,,"If the address is being used in an international context, specifying 'United Kingdom' is important.",This entity will hold all details regarding a Holding Company,NO_JOIN,
holding_company,9,company_phone_number,character varying(100),NO,NULL,,NO,,,,,The main telephone number for the company,This entity will hold all details regarding a Holding Company,NO_JOIN,
holding_company,10,company_email_address,character varying(100),NO,NULL,,NO,,,,,The main email address of the holding company,This entity will hold all details regarding a Holding Company,NO_JOIN,
holding_company,11,contact_person_name,character varying(100),NO,NULL,,NO,,,,,The full name of the main contact at the company,This entity will hold all details regarding a Holding Company,NO_JOIN,
holding_company,12,contact_person_phone_number,character varying(100),YES,NULL,,NO,,,,,The full telephone number of the main contact at the company,This entity will hold all details regarding a Holding Company,NO_JOIN,
holding_company,13,contact_person_email_address,text,YES,NULL,,NO,,,,,The email address of the main contact at the company,This entity will hold all details regarding a Holding Company,NO_JOIN,
holding_company,14,companies_house_details,character varying(100),NO,NULL,,NO,,,,,The unique record in companies house.,This entity will hold all details regarding a Holding Company,NO_JOIN,
holding_company,15,export_date,timestamp without time zone,YES,NULL,,NO,,,,,Source export timestamp carried into Silver for lineage and point-in-time reporting,This entity will hold all details regarding a Holding Company,NO_JOIN,
ipa,1,ipa_id,uuid,NO,NULL,ipa_pkey,YES,,,,,NULL,NULL,NO_JOIN,
ipa,2,offer_id,uuid,NO,NULL,,NO,fk_ipa_offer,offer,offer,offer_id,NULL,NULL,CONTRACT_FK,Retained source FK with an available parent definition
ipa,3,referral_id,uuid,NO,NULL,,NO,fk_ipa_referral,referral,referral,referral_id,NULL,NULL,CONTRACT_FK,Retained source FK with an available parent definition
ipa,16,la_name,character varying(150),YES,NULL,,NO,,,,,NULL,NULL,NO_JOIN,
ipa,17,la_addr_line1,character varying(200),YES,NULL,,NO,,,,,NULL,NULL,NO_JOIN,
ipa,18,la_addr_line2,character varying(200),YES,NULL,,NO,,,,,NULL,NULL,NO_JOIN,
ipa,19,la_addr_county,character varying(200),YES,NULL,,NO,,,,,NULL,NULL,NO_JOIN,
ipa,20,la_addr_town,character varying(100),YES,NULL,,NO,,,,,NULL,NULL,NO_JOIN,
ipa,21,la_addr_postcode,character varying(20),YES,NULL,,NO,,,,,NULL,NULL,NO_JOIN,
ipa,22,la_phone,character varying(20),YES,NULL,,NO,,,,,NULL,NULL,NO_JOIN,
ipa,23,la_email,character varying(200),YES,NULL,,NO,,,,,NULL,NULL,NO_JOIN,
ipa,24,provider_name,character varying(200),YES,NULL,,NO,,,,,NULL,NULL,NO_JOIN,
ipa,25,provider_addr_line1,character varying(200),YES,NULL,,NO,,,,,NULL,NULL,NO_JOIN,
ipa,26,provider_addr_town,character varying(100),YES,NULL,,NO,,,,,NULL,NULL,NO_JOIN,
ipa,27,provider_addr_postcode,character varying(20),YES,NULL,,NO,,,,,NULL,NULL,NO_JOIN,
ipa,28,provider_phone,character varying(20),YES,NULL,,NO,,,,,NULL,NULL,NO_JOIN,
ipa,29,provider_email,character varying(200),YES,NULL,,NO,,,,,NULL,NULL,NO_JOIN,
ipa,30,provider_company_registration_number,character varying(50),YES,NULL,,NO,,,,,NULL,NULL,NO_JOIN,
ipa,31,placement_framework_or_spot,character varying(40),YES,NULL,,NO,,,,,NULL,NULL,NO_JOIN,
ipa,32,placement_service_type,character varying(120),YES,NULL,,NO,,,,,NULL,NULL,NO_JOIN,
ipa,33,placement_category,character varying(120),YES,NULL,,NO,,,,,NULL,NULL,NO_JOIN,
ipa,34,placement_admission_date,date,YES,NULL,,NO,,,,,NULL,NULL,NO_JOIN,
ipa,35,placement_type,character varying(120),YES,NULL,,NO,,,,,NULL,NULL,NO_JOIN,
ipa,36,placement_type_other_text,character varying(250),YES,NULL,,NO,,,,,NULL,NULL,NO_JOIN,
ipa,37,placement_needs_summary,character varying(3000),YES,NULL,,NO,,,,,NULL,NULL,NO_JOIN,
ipa,38,home_name,character varying(200),YES,NULL,,NO,,,,,NULL,NULL,NO_JOIN,
ipa,39,home_addr_line1,character varying(200),YES,NULL,,NO,,,,,NULL,NULL,NO_JOIN,
ipa,40,home_addr_town,character varying(100),YES,NULL,,NO,,,,,NULL,NULL,NO_JOIN,
ipa,41,home_addr_postcode,character varying(20),YES,NULL,,NO,,,,,NULL,NULL,NO_JOIN,
ipa,42,home_phone,character varying(20),YES,NULL,,NO,,,,,NULL,NULL,NO_JOIN,
ipa,43,home_email,character varying(200),YES,NULL,,NO,,,,,NULL,NULL,NO_JOIN,
ipa,44,registered_manager_name,character varying(150),YES,NULL,,NO,,,,,NULL,NULL,NO_JOIN,
ipa,45,registered_manager_phone,character varying(20),YES,NULL,,NO,,,,,NULL,NULL,NO_JOIN,
ipa,46,registered_manager_email,character varying(150),YES,NULL,,NO,,,,,NULL,NULL,NO_JOIN,
ipa,47,registered_manager_registration_number,character varying(150),YES,NULL,,NO,,,,,NULL,NULL,NO_JOIN,
ipa,49,provider_urn,character varying(50),YES,NULL,,NO,,,,,NULL,NULL,NO_JOIN,
ipa,50,education_included_with_referral,boolean,YES,NULL,,NO,,,,,NULL,NULL,NO_JOIN,
ipa,51,education_provision_name,character varying(200),YES,NULL,,NO,,,,,NULL,NULL,NO_JOIN,
ipa,52,education_addr_line1,character varying(200),YES,NULL,,NO,,,,,NULL,NULL,NO_JOIN,
ipa,53,education_addr_town,character varying(100),YES,NULL,,NO,,,,,NULL,NULL,NO_JOIN,
ipa,54,education_addr_postcode,character varying(20),YES,NULL,,NO,,,,,NULL,NULL,NO_JOIN,
ipa,55,education_location,character varying(100),YES,NULL,,NO,,,,,NULL,NULL,NO_JOIN,
ipa,56,education_length_weeks,integer,YES,NULL,,NO,,,,,NULL,NULL,NO_JOIN,
ipa,57,education_provision_cost,"numeric(19,2)",YES,NULL,,NO,,,,,NULL,NULL,NO_JOIN,
ipa,103,costs_total_weekly_fee,"numeric(12,2)",YES,NULL,,NO,,,,,NULL,NULL,NO_JOIN,
ipa,104,costs_total_core_costs_weekly_fee,"numeric(12,2)",YES,NULL,,NO,,,,,NULL,NULL,NO_JOIN,
ipa,105,core_cost_weekly_fee,"numeric(12,2)",YES,NULL,,NO,,,,,NULL,NULL,NO_JOIN,
ipa,106,payment_method,character varying(120),YES,NULL,,NO,,,,,NULL,NULL,NO_JOIN,
ipa,107,invoice_recipient_name,character varying(150),YES,NULL,,NO,,,,,NULL,NULL,NO_JOIN,
ipa,108,invoice_recipient_team,character varying(150),YES,NULL,,NO,,,,,NULL,NULL,NO_JOIN,
ipa,109,invoice_recipient_email,character varying(200),YES,NULL,,NO,,,,,NULL,NULL,NO_JOIN,
ipa,110,invoice_addr_line1,character varying(200),YES,NULL,,NO,,,,,NULL,NULL,NO_JOIN,
ipa,111,invoice_addr_line2,character varying(200),YES,NULL,,NO,,,,,NULL,NULL,NO_JOIN,
ipa,112,invoice_addr_county,character varying(200),YES,NULL,,NO,,,,,NULL,NULL,NO_JOIN,
ipa,113,invoice_addr_town,character varying(100),YES,NULL,,NO,,,,,NULL,NULL,NO_JOIN,
ipa,114,invoice_addr_postcode,character varying(20),YES,NULL,,NO,,,,,NULL,NULL,NO_JOIN,
ipa,115,schedule_contact_name,character varying(150),YES,NULL,,NO,,,,,NULL,NULL,NO_JOIN,
ipa,116,schedule_contact_phone,character varying(100),YES,NULL,,NO,,,,,NULL,NULL,NO_JOIN,
ipa,117,schedule_contact_email,character varying(200),YES,NULL,,NO,,,,,NULL,NULL,NO_JOIN,
ipa,118,schedule_addr_line1,character varying(200),YES,NULL,,NO,,,,,NULL,NULL,NO_JOIN,
ipa,119,schedule_addr_line2,character varying(200),YES,NULL,,NO,,,,,NULL,NULL,NO_JOIN,
ipa,120,schedule_addr_county,character varying(200),YES,NULL,,NO,,,,,NULL,NULL,NO_JOIN,
ipa,121,schedule_addr_town,character varying(100),YES,NULL,,NO,,,,,NULL,NULL,NO_JOIN,
ipa,122,schedule_addr_postcode,character varying(20),YES,NULL,,NO,,,,,NULL,NULL,NO_JOIN,
ipa,123,schedule_do_not_send_invoices_note,character varying(3000),YES,NULL,,NO,,,,,NULL,NULL,NO_JOIN,
ipa,124,created_datetime,timestamp without time zone,NO,NULL,,NO,,,,,NULL,NULL,NO_JOIN,
ipa,125,updated_datetime,timestamp without time zone,YES,NULL,,NO,,,,,NULL,NULL,NO_JOIN,
ipa,126,provider_addr_line2,character varying(200),YES,NULL,,NO,,,,,NULL,NULL,NO_JOIN,
ipa,127,provider_addr_county,character varying(200),YES,NULL,,NO,,,,,NULL,NULL,NO_JOIN,
ipa,128,home_addr_line2,character varying(200),YES,NULL,,NO,,,,,NULL,NULL,NO_JOIN,
ipa,129,home_addr_county,character varying(200),YES,NULL,,NO,,,,,NULL,NULL,NO_JOIN,
ipa,130,education_addr_line2,character varying(200),YES,NULL,,NO,,,,,NULL,NULL,NO_JOIN,
ipa,131,education_addr_county,character varying(200),YES,NULL,,NO,,,,,NULL,NULL,NO_JOIN,
ipa,138,created_by,character varying(150),YES,NULL,,NO,,,,,NULL,NULL,NO_JOIN,
ipa,139,updated_by,character varying(150),YES,NULL,,NO,,,,,NULL,NULL,NO_JOIN,
ipa,140,status,character varying(100),YES,NULL,,NO,,,,,NULL,NULL,NO_JOIN,
ipa,141,signed_by_local_authority,boolean,NO,FALSE,,NO,,,,,NULL,NULL,NO_JOIN,
ipa,142,signed_datetime_for_local_authority,timestamp without time zone,YES,NULL,,NO,,,,,NULL,NULL,NO_JOIN,
ipa,143,signed_by_provider_name,character varying(150),YES,NULL,,NO,,,,,NULL,NULL,NO_JOIN,
ipa,144,signed_datetime_for_provider,timestamp without time zone,YES,NULL,,NO,,,,,NULL,NULL,NO_JOIN,
ipa,145,signed_by_local_authority_name,character varying(150),YES,NULL,,NO,,,,,NULL,NULL,NO_JOIN,
ipa,146,can_sign_name,character varying(150),YES,NULL,,NO,,,,,NULL,NULL,NO_JOIN,
ipa,147,can_sign_date,timestamp without time zone,YES,NULL,,NO,,,,,NULL,NULL,NO_JOIN,
ipa,148,can_sign,boolean,NO,FALSE,,NO,,,,,NULL,NULL,NO_JOIN,
ipa,149,closed,boolean,NO,FALSE,,NO,,,,,NULL,NULL,NO_JOIN,
ipa,150,closed_datetime,timestamp without time zone,YES,NULL,,NO,,,,,NULL,NULL,NO_JOIN,
ipa,151,signed_by_provider,boolean,NO,FALSE,,NO,,,,,NULL,NULL,NO_JOIN,
ipa,152,provider_id,uuid,YES,NULL,,NO,,,,,NULL,NULL,NO_JOIN,
ipa,153,export_date,timestamp without time zone,YES,NULL,,NO,,,,,Source export timestamp carried into Silver for lineage and point-in-time reporting,NULL,NO_JOIN,
ipa_additional_fee,1,additional_fee_id,uuid,NO,generate_ulid(),additional_fee_pkey,YES,,,,,NULL,NULL,NO_JOIN,
ipa_additional_fee,2,ipa_id,uuid,NO,NULL,,NO,fk_additional_fee_ipa,ipa,ipa,ipa_id,NULL,NULL,CONTRACT_FK,Retained source FK with an available parent definition
ipa_additional_fee,3,title,character varying(300),NO,NULL,,NO,,,,,NULL,NULL,NO_JOIN,
ipa_additional_fee,4,fee_type,character varying(200),NO,NULL,,NO,,,,,NULL,NULL,NO_JOIN,
ipa_additional_fee,5,one_off_fee,"numeric(19,2)",YES,NULL,,NO,,,,,NULL,NULL,NO_JOIN,
ipa_additional_fee,6,total,"numeric(19,2)",YES,NULL,,NO,,,,,NULL,NULL,NO_JOIN,
ipa_additional_fee,7,review_date,date,YES,NULL,,NO,,,,,NULL,NULL,NO_JOIN,
ipa_additional_fee,8,end_date,date,YES,NULL,,NO,,,,,NULL,NULL,NO_JOIN,
ipa_additional_fee,9,created_at,timestamp with time zone,NO,NULL,,NO,,,,,NULL,NULL,NO_JOIN,
ipa_additional_fee,10,updated_at,timestamp with time zone,YES,NULL,,NO,,,,,NULL,NULL,NO_JOIN,
ipa_additional_fee,11,export_date,timestamp without time zone,YES,NULL,,NO,,,,,Source export timestamp carried into Silver for lineage and point-in-time reporting,NULL,NO_JOIN,
ipa_child,1,ipa_child_id,uuid,NO,generate_ulid(),ipa_child_pkey,YES,,,,,NULL,NULL,NO_JOIN,
ipa_child,2,ipa_id,uuid,NO,NULL,,NO,fk_ipa_child_ipa,ipa,ipa,ipa_id,NULL,NULL,CONTRACT_FK,Retained source FK with an available parent definition
ipa_child,3,child_full_name,character varying(150),NO,NULL,,NO,,,,,NULL,NULL,NO_JOIN,
ipa_child,4,child_known_as,character varying(150),YES,NULL,,NO,,,,,NULL,NULL,NO_JOIN,
ipa_child,5,child_date_of_birth,date,YES,NULL,,NO,,,,,NULL,NULL,NO_JOIN,
ipa_child,6,child_age_years,integer,NO,NULL,,NO,,,,,NULL,NULL,NO_JOIN,
ipa_child,7,child_gender,character varying(40),YES,NULL,,NO,,,,,NULL,NULL,NO_JOIN,
ipa_child,8,child_ethnicity,character varying(100),YES,NULL,,NO,,,,,NULL,NULL,NO_JOIN,
ipa_child,9,child_preferred_language,character varying(80),YES,NULL,,NO,,,,,NULL,NULL,NO_JOIN,
ipa_child,10,child_religion,character varying(80),YES,NULL,,NO,,,,,NULL,NULL,NO_JOIN,
ipa_child,11,child_legal_status,character varying(100),NO,NULL,,NO,,,,,NULL,NULL,NO_JOIN,
ipa_child,12,child_reference_number,character varying(50),YES,NULL,,NO,,,,,NULL,NULL,NO_JOIN,
ipa_child,13,child_support_needs_other_text,character varying(150),YES,NULL,,NO,,,,,NULL,NULL,NO_JOIN,
ipa_child,15,expected_destination_after_placement,character varying(120),YES,NULL,,NO,,,,,NULL,NULL,NO_JOIN,
ipa_child,16,expected_destination_other_text,character varying(3000),YES,NULL,,NO,,,,,NULL,NULL,NO_JOIN,
ipa_child,17,export_date,timestamp without time zone,YES,NULL,,NO,,,,,Source export timestamp carried into Silver for lineage and point-in-time reporting,NULL,NO_JOIN,
ipa_child_support_needs,1,ipa_child_id,uuid,NO,NULL,ipa_child_support_needs_pkey,YES,fk_ipa_child_support_needs_child,ipa,ipa_child,ipa_child_id,IPA child identifier,Support needs recorded for an IPA child,CONTRACT_FK,Retained source FK with an available parent definition
ipa_child_support_needs,2,support_need,character varying(100),NO,NULL,ipa_child_support_needs_pkey,YES,,,,,Controlled support-need value,Support needs recorded for an IPA child,NO_JOIN,
ipa_child_support_needs,3,export_date,timestamp without time zone,YES,NULL,,NO,,,,,Source export timestamp carried into Silver for lineage and point-in-time reporting,Support needs recorded for an IPA child,NO_JOIN,
mlv_additional_fee,1,additional_fee_id,uuid,NO,NULL,pk_mlv_additional_fee,YES,,,,,Observed Bronze column from schema drift workbook.,Bronze materialised additional-fee extract retained as a separate source entity.,NO_JOIN,
mlv_additional_fee,2,offer_id,uuid,YES,NULL,,NO,fk_mlv_additional_fee_offer_id,offer,offer,offer_id,Observed Bronze column from schema drift workbook.,Bronze materialised additional-fee extract retained as a separate source entity.,TRIAL_JOIN,Bronze field name and entity context indicate the offer key; validate against source values before reporting use.
mlv_additional_fee,3,fee_title,character varying(9),YES,NULL,,NO,,,,,Observed Bronze column from schema drift workbook.,Bronze materialised additional-fee extract retained as a separate source entity.,NO_JOIN,
mlv_additional_fee,4,number_of_hours,double,YES,NULL,,NO,,,,,Observed Bronze column from schema drift workbook.,Bronze materialised additional-fee extract retained as a separate source entity.,NO_JOIN,
mlv_additional_fee,5,other_fee_title,character varying(50),YES,NULL,,NO,,,,,Observed Bronze column from schema drift workbook.,Bronze materialised additional-fee extract retained as a separate source entity.,NO_JOIN,
mlv_additional_fee,6,fee_frequency,character varying(50),YES,NULL,,NO,,,,,Observed Bronze column from schema drift workbook.,Bronze materialised additional-fee extract retained as a separate source entity.,NO_JOIN,
mlv_additional_fee,7,rate,double,YES,NULL,,NO,,,,,Observed Bronze column from schema drift workbook.,Bronze materialised additional-fee extract retained as a separate source entity.,NO_JOIN,
mlv_additional_fee,8,export_date,timestamp without time zone,YES,NULL,,NO,,,,,Source export timestamp retained for lineage and point-in-time reporting.,Bronze materialised additional-fee extract retained as a separate source entity.,NO_JOIN,
offer,1,offer_id,uuid,NO,NULL,pk_offer,YES,,,,,Auto Generated Unique Primary Key,Holds key information regarding the offer as created by the provider,NO_JOIN,
offer,2,referral_provider_id,uuid,NO,NULL,,NO,fk_referral_provider,referral,referral_provider,referral_provider_id,FK to Referral Provider entity,Holds key information regarding the offer as created by the provider,CONTRACT_FK,Retained source FK with an available parent definition
offer,3,id_number,character varying(100),NO,NULL,,NO,,,,,Offer identifier,Holds key information regarding the offer as created by the provider,NO_JOIN,
offer,4,estimated_start_date,date,YES,NULL,,NO,,,,,Start date of the offer,Holds key information regarding the offer as created by the provider,NO_JOIN,
offer,5,core_weekly_fee,"numeric(6,2)",YES,NULL,,NO,,,,,Core weekly fee of offer ,Holds key information regarding the offer as created by the provider,NO_JOIN,
offer,6,includes_education,boolean,YES,NULL,,NO,,,,,Education included or excluded in offer,Holds key information regarding the offer as created by the provider,NO_JOIN,
offer,7,child_summary_needs,text,YES,NULL,,NO,,,,,child needs summary,Holds key information regarding the offer as created by the provider,NO_JOIN,
offer,8,offer_date,timestamp without time zone,YES,now(),,NO,,,,,NULL,Holds key information regarding the offer as created by the provider,NO_JOIN,
offer,9,last_modified_date,timestamp without time zone,YES,NULL,,NO,,,,,NULL,Holds key information regarding the offer as created by the provider,NO_JOIN,
offer,10,decline_reason,character varying(500),YES,NULL,,NO,,,,,NULL,Holds key information regarding the offer as created by the provider,NO_JOIN,
offer,11,decline_reason_other,character varying(50),YES,NULL,,NO,,,,,NULL,Holds key information regarding the offer as created by the provider,NO_JOIN,
offer,12,can_edit_offer,boolean,YES,FALSE,,NO,,,,,NULL,Holds key information regarding the offer as created by the provider,NO_JOIN,
offer,13,withdraw_reason,character varying(500),YES,NULL,,NO,,,,,NULL,Holds key information regarding the offer as created by the provider,NO_JOIN,
offer,14,withdraw_reason_other,character varying(500),YES,NULL,,NO,,,,,Additional free-text reason supplied when an offer is withdrawn,Holds key information regarding the offer as created by the provider,NO_JOIN,
offer,15,offer_status,character varying(50),NO,NULL,,NO,,,,,Status of the Offer,Holds key information regarding the offer as created by the provider,NO_JOIN,
offer,16,offer_type,character varying(50),YES,NULL,,NO,,,,,NULL,Holds key information regarding the offer as created by the provider,NO_JOIN,
offer,17,provider_home_id,uuid,NO,NULL,,NO,,,,,FK to Provider Home entity,Holds key information regarding the offer as created by the provider,NO_JOIN,
offer,18,category,integer,YES,NULL,,NO,,,,,category under which offer is made,Holds key information regarding the offer as created by the provider,NO_JOIN,
offer,19,category_code,character varying(100),YES,NULL::character varying,,NO,,,,,NULL,Holds key information regarding the offer as created by the provider,NO_JOIN,
offer,20,education_weekly_fee,"numeric(6,2)",YES,NULL,,NO,,,,,weekly education fee,Holds key information regarding the offer as created by the provider,NO_JOIN,
offer,21,export_date,timestamp without time zone,YES,NULL,,NO,,,,,Source export timestamp carried into Silver for lineage and point-in-time reporting,Holds key information regarding the offer as created by the provider,NO_JOIN,
offer_updates,1,offer_update_id,uuid,NO,NULL,offer_updates_pkey,YES,,,,,NULL,NULL,NO_JOIN,
offer_updates,2,offer_id,uuid,YES,NULL,,NO,offer_updates_offer_id_fkey,offer,offer,offer_id,NULL,NULL,CONTRACT_FK,Retained source FK with an available parent definition
offer_updates,3,offer_updates_requested,boolean,YES,FALSE,,NO,,,,,NULL,NULL,NO_JOIN,
offer_updates,4,message_id,uuid,YES,NULL,,NO,offer_updates_message_id_fkey,referral,referral_provider_message,message_id,NULL,NULL,CONTRACT_FK,Retained source FK with an available parent definition
offer_updates,5,offer_updates_requested_at,timestamp without time zone,YES,now(),,NO,,,,,NULL,NULL,NO_JOIN,
offer_updates,6,export_date,timestamp without time zone,YES,NULL,,NO,,,,,Source export timestamp carried into Silver for lineage and point-in-time reporting,NULL,NO_JOIN,
offer_view_history,1,offer_view_id,uuid,NO,NULL,offer_view_history_pkey,YES,,,,,NULL,NULL,NO_JOIN,
offer_view_history,2,offer_id,uuid,NO,NULL,,NO,offer_view_history_offer_id_fkey,offer,offer,offer_id,NULL,NULL,CONTRACT_FK,Retained source FK with an available parent definition
offer_view_history,3,offer_viewed_by,uuid,NO,NULL,,NO,,,,,NULL,NULL,NO_JOIN,
offer_view_history,4,offer_viewed_at,timestamp without time zone,YES,now(),,NO,,,,,NULL,NULL,NO_JOIN,
offer_view_history,5,export_date,timestamp without time zone,YES,NULL,,NO,,,,,Source export timestamp carried into Silver for lineage and point-in-time reporting,NULL,NO_JOIN,
provider,1,provider_id,uuid,NO,NULL,pk_provider,YES,,,,,Unique ID of the Provider,This provider entity all key information regarding the provider,NO_JOIN,
provider,2,holding_company_id,uuid,NO,NULL,,NO,fk_provider_holding_company,provider,holding_company,holding_company_id,Foreign Key to parent company if the provider has one,This provider entity all key information regarding the provider,CONTRACT_FK,Retained source FK with an available parent definition
provider,3,provider_name,character varying(100),NO,NULL,,NO,,,,,Full name of the provider,This provider entity all key information regarding the provider,NO_JOIN,
provider,4,address_line_1,character varying(100),NO,NULL,,NO,,,,,"This should contain the primary address information, typically the house number and street name",This provider entity all key information regarding the provider,NO_JOIN,
provider,5,address_line_2,character varying(100),YES,NULL,,NO,,,,,"This is for additional address details if necessary, such as the apartment or suite number",This provider entity all key information regarding the provider,NO_JOIN,
provider,6,town_city,character varying(100),YES,NULL,,NO,,,,,The name of the town or city,This provider entity all key information regarding the provider,NO_JOIN,
provider,7,county,character varying(100),YES,NULL,,NO,,,,,"While not always necessary, especially for larger cities, the county can be included for clarity",This provider entity all key information regarding the provider,NO_JOIN,
provider,8,postcode,character varying(20),NO,NULL,,NO,,,,,"The UK postcode is a crucial element of the address, used to identify the precise location for mail delivery.",This provider entity all key information regarding the provider,NO_JOIN,
provider,9,country,character varying(100),YES,NULL,,NO,,,,,"If the address is being used in an international context, specifying 'United Kingdom' is important.",This provider entity all key information regarding the provider,NO_JOIN,
provider,10,provider_status,character varying(9),NO,NULL,,NO,,,,,"The current status of the provider.

Details TBA

EG:
Approved
Pending
Declined",This provider entity all key information regarding the provider,NO_JOIN,
provider,11,provider_email_address,character varying(100),YES,NULL,,NO,,,,,Provider contact details: Email Address,This provider entity all key information regarding the provider,NO_JOIN,
provider,12,provider_phone_number,character varying(20),YES,NULL,,NO,,,,,Provider contact details: phone number,This provider entity all key information regarding the provider,NO_JOIN,
provider,13,last_regulating_body_inspection_date,date,YES,NULL,,NO,,,,,Date of last full inspection by Regulating Body,This provider entity all key information regarding the provider,NO_JOIN,
provider,14,regulatory_body_registration_reference,character varying(100),YES,NULL,,NO,,,,,Regulatory Body Registration code,This provider entity all key information regarding the provider,NO_JOIN,
provider,15,inspection_outcome_rating,character varying(100),YES,NULL,,NO,,,,,The rating of the last inspection,This provider entity all key information regarding the provider,NO_JOIN,
provider,16,responsible_individual_name,character varying(100),YES,NULL,,NO,,,,,This is the person's full name responsible for holding the regulatory body registration,This provider entity all key information regarding the provider,NO_JOIN,
provider,17,responsible_individual_contact_number,character varying(20),YES,NULL,,NO,,,,,This is the person's contact telephone number responsible for holding the regulatory body registration,This provider entity all key information regarding the provider,NO_JOIN,
provider,18,responsible_individual_email_address,character varying(100),YES,NULL,,NO,,,,,This is the person's contact email address responsible for holding the regulatory body registration,This provider entity all key information regarding the provider,NO_JOIN,
provider,19,registrant_name,character varying(100),YES,NULL,,NO,,,,,Individual person's full name registering the provider onto the portal,This provider entity all key information regarding the provider,NO_JOIN,
provider,20,registrant_role,character varying(100),YES,NULL,,NO,,,,,Individual person's role registering the provider onto the portal,This provider entity all key information regarding the provider,NO_JOIN,
provider,21,registrant_email_address,character varying(100),YES,NULL,,NO,,,,,Individual person's email address registering the provider onto the portal,This provider entity all key information regarding the provider,NO_JOIN,
provider,22,registrant_contact_number,character varying(100),YES,NULL,,NO,,,,,Individual person's contact telephone registering the provider onto the portal,This provider entity all key information regarding the provider,NO_JOIN,
provider,24,companies_house_registration_reference,character varying(100),YES,NULL,,NO,,,,,The unique registration code provided by companies house,This provider entity all key information regarding the provider,NO_JOIN,
provider,25,national_contract_external_link,character varying(1000),YES,NULL,,NO,,,,,A web link to the national contracts held for this provider,This provider entity all key information regarding the provider,NO_JOIN,
provider,26,created_by,character varying(100),NO,NULL,,NO,,,,,The system user that created this record,This provider entity all key information regarding the provider,NO_JOIN,
provider,27,modified_by,character varying(100),YES,NULL,,NO,,,,,The system user that last modified this record,This provider entity all key information regarding the provider,NO_JOIN,
provider,28,created_timestamp,timestamp without time zone,NO,now(),,NO,,,,,Date/Time the Provider was created on the system,This provider entity all key information regarding the provider,NO_JOIN,
provider,29,modified_timestamp,timestamp without time zone,YES,NULL,,NO,,,,,The date/time this record was last modified,This provider entity all key information regarding the provider,NO_JOIN,
provider,32,qa_flag,boolean,YES,FALSE,,NO,,,,,Quality Assurance flag ,This provider entity all key information regarding the provider,NO_JOIN,
provider,33,qa_flag_fostering_spot,boolean,YES,FALSE,,NO,,,,,Quality Assurance flag ,This provider entity all key information regarding the provider,NO_JOIN,
provider,34,qa_flag_sup_acc,boolean,YES,FALSE,,NO,,,,,Quality Assurance flag for supported accommodation,This provider entity all key information regarding the provider,NO_JOIN,
provider,35,qa_flag_resi,boolean,YES,FALSE,,NO,,,,,Quality Assurance flag for residential,This provider entity all key information regarding the provider,NO_JOIN,
provider,36,export_date,timestamp without time zone,YES,NULL,,NO,,,,,Source export timestamp carried into Silver for lineage and point-in-time reporting,This provider entity all key information regarding the provider,NO_JOIN,
provider_education_provision,1,provider_education_provision_id,uuid,NO,NULL,pk_provider_educational_provision,YES,,,,,NULL,NULL,NO_JOIN,
provider_education_provision,2,provider_id,uuid,NO,NULL,,NO,trial_provider_education_provision_provider_id,provider,provider,provider_id,NULL,NULL,TRIAL_JOIN,SI-007 available-key and column-name match; validate in Fabric before approval
provider_education_provision,3,provider_home_id,uuid,NO,NULL,,NO,fk_provider_education_provision_provider_home,provider,provider_home,provider_home_id,NULL,NULL,CONTRACT_FK,Retained source FK with an available parent definition
provider_education_provision,4,education_privision_name,character varying(100),YES,NULL,,NO,,,,,The name of the school,NULL,NO_JOIN,
provider_education_provision,5,education_provision_type,character varying(100),NO,NULL,,NO,,,,,"FK to reference data - ProviderEducationProvisionType

eg:

Independent school day placement
Independent school residential
Non-maintained special school setting day placement
Non-maintained special school setting residential
Other Independent Special School
Other Independent School
Free School Special
Non-Maintained Early Year settings
Special Post 16",NULL,NO_JOIN,
provider_education_provision,6,address_line_1,character varying(100),NO,NULL,,NO,,,,,"This should contain the primary address information, typically the house number and street name",NULL,NO_JOIN,
provider_education_provision,7,address_line_2,character varying(100),YES,NULL,,NO,,,,,"This is for additional address details if necessary, such as the apartment or suite number",NULL,NO_JOIN,
provider_education_provision,8,town_city,character varying(100),YES,NULL,,NO,,,,,The name of the town or city,NULL,NO_JOIN,
provider_education_provision,9,county,character varying(100),YES,NULL,,NO,,,,,"While not always necessary, especially for larger cities, the county can be included for clarity",NULL,NO_JOIN,
provider_education_provision,10,postcode,character varying(20),NO,NULL,,NO,,,,,"The UK postcode is a crucial element of the address, used to identify the precise location for mail delivery.",NULL,NO_JOIN,
provider_education_provision,11,country,character varying(100),YES,NULL,,NO,,,,,"If the address is being used in an international context, specifying 'United Kingdom' is important.",NULL,NO_JOIN,
provider_education_provision,12,contact_name,character varying(100),NO,NULL,,NO,,,,,eg: Head of School,NULL,NO_JOIN,
provider_education_provision,13,contact_number,character varying(100),YES,NULL,,NO,,,,,Main contact telephone number,NULL,NO_JOIN,
provider_education_provision,14,contact_email_address,character varying(100),YES,NULL,,NO,,,,,Main contact email address,NULL,NO_JOIN,
provider_education_provision,15,last_regulating_body_inspection_date,date,YES,NULL,,NO,,,,,Date of last full inspection by Regulating Body,NULL,NO_JOIN,
provider_education_provision,16,regulatory_body_registration_reference,character varying(100),YES,NULL,,NO,,,,,Regulatory Body Registration code,NULL,NO_JOIN,
provider_education_provision,17,inspection_outcome_rating,character varying(100),YES,NULL,,NO,,,,,The rating of the last inspection,NULL,NO_JOIN,
provider_education_provision,18,created_by,character varying(100),NO,NULL,,NO,,,,,The system user that created this record,NULL,NO_JOIN,
provider_education_provision,19,updated_by,character varying(100),YES,NULL,,NO,,,,,Source audit user observed in supplied source-schema extract.,NULL,NO_JOIN,
provider_education_provision,20,created_timestamp,timestamp without time zone,NO,now(),,NO,,,,,Date/Time the reocrd was created on the system,NULL,NO_JOIN,
provider_education_provision,21,modified_timestamp,timestamp without time zone,YES,NULL,,NO,,,,,The date/time this record was last modified,NULL,NO_JOIN,
provider_education_provision,22,export_date,timestamp without time zone,YES,NULL,,NO,,,,,Source export timestamp carried into Silver for lineage and point-in-time reporting,NULL,NO_JOIN,
provider_framework,1,provider_framework_id,bigint,NO,nextval('provider.provider_framework_provider_framework_id_seq'::regclass),pk_provider_framework,YES,,,,,Auto Generated Unique Primary Key,Entity that links providers to frameworks,NO_JOIN,
provider_framework,2,provider_id,uuid,NO,NULL,,NO,fk_provider_framework_provider,provider,provider,provider_id,Unique ID of the Provider,Entity that links providers to frameworks,CONTRACT_FK,Retained source FK with an available parent definition
provider_framework,3,framework_code,character varying(10),NO,NULL,,NO,fk_provider_framework_framework,framework,framework,framework_code,Unique ID of the Framework,Entity that links providers to frameworks,CONTRACT_FK,Retained source FK with an available parent definition
provider_framework,4,qa_flag,boolean,YES,FALSE,,NO,,,,,Quality Assurance flag ,Entity that links providers to frameworks,NO_JOIN,
provider_framework,5,export_date,timestamp without time zone,YES,NULL,,NO,,,,,Source export timestamp carried into Silver for lineage and point-in-time reporting,Entity that links providers to frameworks,NO_JOIN,
provider_home,1,provider_home_id,uuid,NO,NULL,pk_home_id,YES,,,,,Unique identifier for Home,Home entity that holds all data related to a provider home,NO_JOIN,
provider_home,2,provider_id,uuid,NO,NULL,,NO,fk_home_provider,provider,provider,provider_id,Unique ID of the Provider,Home entity that holds all data related to a provider home,CONTRACT_FK,Retained source FK with an available parent definition
provider_home,3,service_type,character varying(100),NO,NULL,,NO,,,,,Residential or Supported Accomodation,Home entity that holds all data related to a provider home,NO_JOIN,
provider_home,4,home_name,character varying(100),NO,NULL,,NO,,,,,The name of the Home,Home entity that holds all data related to a provider home,NO_JOIN,
provider_home,5,address_line_1,character varying(100),NO,NULL,,NO,,,,,"This should contain the primary address information, typically the house number and street name",Home entity that holds all data related to a provider home,NO_JOIN,
provider_home,6,address_line_2,character varying(100),YES,NULL,,NO,,,,,"This is for additional address details if necessary, such as the apartment or suite number",Home entity that holds all data related to a provider home,NO_JOIN,
provider_home,7,town_city,character varying(100),YES,NULL,,NO,,,,,The name of the town or city,Home entity that holds all data related to a provider home,NO_JOIN,
provider_home,8,county,character varying(100),YES,NULL,,NO,,,,,"While not always necessary, especially for larger cities, the county can be included for clarity",Home entity that holds all data related to a provider home,NO_JOIN,
provider_home,9,postcode,character varying(20),NO,NULL,,NO,,,,,"The UK postcode is a crucial element of the address, used to identify the precise location for mail delivery.",Home entity that holds all data related to a provider home,NO_JOIN,
provider_home,10,country,character varying(100),YES,NULL,,NO,,,,,"If the address is being used in an international context, specifying 'United Kingdom' is important.",Home entity that holds all data related to a provider home,NO_JOIN,
provider_home,11,home_contact_number,character varying(100),YES,NULL,,NO,,,,,Home contact details: Phone number,Home entity that holds all data related to a provider home,NO_JOIN,
provider_home,12,home_email_address,character varying(100),YES,NULL,,NO,,,,,Home contact details: Email Address,Home entity that holds all data related to a provider home,NO_JOIN,
provider_home,13,registered_manager_name,character varying(100),YES,NULL,,NO,,,,,NULL,Home entity that holds all data related to a provider home,NO_JOIN,
provider_home,14,registered_manager_contact_number,character varying(100),YES,NULL,,NO,,,,,NULL,Home entity that holds all data related to a provider home,NO_JOIN,
provider_home,15,registered_manager_email_address,character varying(100),YES,NULL,,NO,,,,,NULL,Home entity that holds all data related to a provider home,NO_JOIN,
provider_home,16,number_of_registered_beds,integer,YES,NULL,,NO,,,,,NULL,Home entity that holds all data related to a provider home,NO_JOIN,
provider_home,17,regulatory_body_registration_reference,character varying(100),YES,NULL,,NO,,,,,Regulatory Body Registration code,Home entity that holds all data related to a provider home,NO_JOIN,
provider_home,18,last_regulating_body_inspection_date,date,YES,NULL,,NO,,,,,Date of last full inspection by Regulating Body,Home entity that holds all data related to a provider home,NO_JOIN,
provider_home,19,inspection_outcome_rating,character varying(100),YES,NULL,,NO,,,,,The rating of the last inspection,Home entity that holds all data related to a provider home,NO_JOIN,
provider_home,20,created_by,character varying(100),NO,NULL,,NO,,,,,The system user that created this record,Home entity that holds all data related to a provider home,NO_JOIN,
provider_home,21,modified_by,character varying(100),YES,NULL,,NO,,,,,The system user that last modified this record,Home entity that holds all data related to a provider home,NO_JOIN,
provider_home,22,created_timestamp,timestamp without time zone,NO,now(),,NO,,,,,Date/Time the record was created on the system,Home entity that holds all data related to a provider home,NO_JOIN,
provider_home,23,modified_timestamp,timestamp without time zone,YES,NULL,,NO,,,,,The date/time this record was last modified,Home entity that holds all data related to a provider home,NO_JOIN,
provider_home,24,is_spot,boolean,NO,FALSE,,NO,,,,,NULL,Home entity that holds all data related to a provider home,NO_JOIN,
provider_home,31,qa_flag,boolean,YES,FALSE,,NO,,,,,Quality Assurance flag ,Home entity that holds all data related to a provider home,NO_JOIN,
provider_home,32,qa_flag_spot,boolean,YES,FALSE,,NO,,,,,Quality Assurance flag ,Home entity that holds all data related to a provider home,NO_JOIN,
provider_home,27,status,character varying(100),YES,NULL,,NO,,,,,Provider-home status observed in supplied source-schema extract.,Home entity that holds all data related to a provider home,NO_JOIN,
provider_home,28,export_date,timestamp without time zone,YES,NULL,,NO,,,,,Source export timestamp carried into Silver for lineage and point-in-time reporting,Home entity that holds all data related to a provider home,NO_JOIN,
provider_home_age,1,provider_home_age_id,bigint,NO,nextval('provider.provider_home_age_provider_home_age_id_seq'::regclass),pk_provider_home_age,YES,,,,,Table Primary Key,Ages supported by a Home,NO_JOIN,
provider_home_age,2,provider_home_id,uuid,NO,NULL,,NO,fk_provider_home_age_provider_home,provider,provider_home,provider_home_id,FK to Provider Home,Ages supported by a Home,CONTRACT_FK,Retained source FK with an available parent definition
provider_home_age,4,min_age,integer,YES,NULL,,NO,,,,,NULL,Ages supported by a Home,NO_JOIN,
provider_home_age,5,max_age,integer,YES,NULL,,NO,,,,,NULL,Ages supported by a Home,NO_JOIN,
provider_home_age,6,export_date,timestamp without time zone,YES,NULL,,NO,,,,,Source export timestamp carried into Silver for lineage and point-in-time reporting,Ages supported by a Home,NO_JOIN,
provider_home_category,1,provider_home_category_id,bigint,NO,nextval('provider.provider_home_category_provider_home_category_id_seq'::regclass),pk_home_category,YES,,,,,NULL,Tihs entities links a Provider Home to a Framework Category,NO_JOIN,
provider_home_category,2,framework_category_id,integer,NO,NULL,,NO,fk_provider_home_category_framework_category,framework,framework_category,framework_category_id,FK to Framework Category,Tihs entities links a Provider Home to a Framework Category,CONTRACT_FK,Retained source FK with an available parent definition
provider_home_category,3,provider_home_id,uuid,NO,NULL,,NO,fk_provider_home_category_provider_home,provider,provider_home,provider_home_id,FK to Provider Home,Tihs entities links a Provider Home to a Framework Category,CONTRACT_FK,Retained source FK with an available parent definition
provider_home_category,4,export_date,timestamp without time zone,YES,NULL,,NO,,,,,Source export timestamp carried into Silver for lineage and point-in-time reporting,Tihs entities links a Provider Home to a Framework Category,NO_JOIN,
provider_home_gender,1,provider_home_gender_id,bigint,NO,nextval('provider.provider_home_gender_provider_home_gender_id_seq'::regclass),pk_provider_home_gender,YES,,,,,NULL,Genders supported by the Provider Home,NO_JOIN,
provider_home_gender,2,provider_home_id,uuid,NO,NULL,,NO,fk_provider_home_gender_provider_home,provider,provider_home,provider_home_id,FK to Provider Home,Genders supported by the Provider Home,CONTRACT_FK,Retained source FK with an available parent definition
provider_home_gender,3,supported_gender,character varying(80),NO,NULL,,NO,,,,,FK to Reference Data - GenderCode,Genders supported by the Provider Home,NO_JOIN,
provider_home_gender,4,export_date,timestamp without time zone,YES,NULL,,NO,,,,,Source export timestamp carried into Silver for lineage and point-in-time reporting,Genders supported by the Provider Home,NO_JOIN,
provider_home_spot_category,1,provider_home_spot_category_id,bigint,NO,nextval('provider.provider_home_spot_category_provider_home_spot_category_id_seq'::regclass),pk_provider_home_spot_category,YES,,,,,NULL,Spot categories supported by the Provider Home,NO_JOIN,
provider_home_spot_category,2,provider_home_id,uuid,NO,NULL,,NO,fk_provider_home_spot_category_provider_home,provider,provider_home,provider_home_id,FK to Provider Home,Spot categories supported by the Provider Home,CONTRACT_FK,Retained source FK with an available parent definition
provider_home_spot_category,3,spot_category_code,character varying(9),NO,NULL,,NO,,,,,FK to Reference Data - SpotCategoryCode,Spot categories supported by the Provider Home,NO_JOIN,
provider_home_spot_category,4,export_date,timestamp without time zone,YES,NULL,,NO,,,,,Source export timestamp carried into Silver for lineage and point-in-time reporting,Spot categories supported by the Provider Home,NO_JOIN,
provider_sic_codes,1,provider_id,uuid,NO,NULL,pk_provider_sic_codes,YES,fk_provider_sic_codes_provider_id,provider,provider,provider_id,Observed Bronze column from schema drift workbook.,Bronze provider SIC-code bridge for provider classification.,CONTRACT_FK,Observed Bronze identifier matches an available Silver parent key.
provider_sic_codes,2,sic_code,character varying(50),NO,NULL,pk_provider_sic_codes,YES,,,,,Observed Bronze column from schema drift workbook.,Bronze provider SIC-code bridge for provider classification.,NO_JOIN,
provider_sic_codes,3,export_date,timestamp without time zone,YES,NULL,,NO,,,,,Source export timestamp retained for lineage and point-in-time reporting.,Bronze provider SIC-code bridge for provider classification.,NO_JOIN,
provider_submission_docs,1,document_id,uuid,NO,NULL,pk_provider_submission_docs,YES,,,,,Observed Bronze column from schema drift workbook.,Bronze provider submission-document metadata; home and submission identifiers are retained without an inferred parent join.,NO_JOIN,
provider_submission_docs,2,submission_id,uuid,YES,NULL,,NO,,,,,Observed Bronze column from schema drift workbook.,Bronze provider submission-document metadata; home and submission identifiers are retained without an inferred parent join.,NO_JOIN,
provider_submission_docs,3,s3_file_metadata_id,uuid,YES,NULL,,NO,,,,,Observed Bronze column from schema drift workbook.,Bronze provider submission-document metadata; home and submission identifiers are retained without an inferred parent join.,NO_JOIN,
provider_submission_docs,4,document_name,character varying(255),YES,NULL,,NO,,,,,Observed Bronze column from schema drift workbook.,Bronze provider submission-document metadata; home and submission identifiers are retained without an inferred parent join.,NO_JOIN,
provider_submission_docs,5,document_type,character varying(120),YES,NULL,,NO,,,,,Observed Bronze column from schema drift workbook.,Bronze provider submission-document metadata; home and submission identifiers are retained without an inferred parent join.,NO_JOIN,
provider_submission_docs,6,expiry_date,date,YES,NULL,,NO,,,,,Observed Bronze column from schema drift workbook.,Bronze provider submission-document metadata; home and submission identifiers are retained without an inferred parent join.,NO_JOIN,
provider_submission_docs,7,last_updated,timestamp without time zone,YES,NULL,,NO,,,,,Observed Bronze column from schema drift workbook.,Bronze provider submission-document metadata; home and submission identifiers are retained without an inferred parent join.,NO_JOIN,
provider_submission_docs,8,next_review_date,date,YES,NULL,,NO,,,,,Observed Bronze column from schema drift workbook.,Bronze provider submission-document metadata; home and submission identifiers are retained without an inferred parent join.,NO_JOIN,
provider_submission_docs,9,service_type,character varying(120),YES,NULL,,NO,,,,,Observed Bronze column from schema drift workbook.,Bronze provider submission-document metadata; home and submission identifiers are retained without an inferred parent join.,NO_JOIN,
provider_submission_docs,10,home_id,uuid,YES,NULL,,NO,,,,,Observed Bronze column from schema drift workbook.,Bronze provider submission-document metadata; home and submission identifiers are retained without an inferred parent join.,NO_JOIN,
provider_submission_docs,11,start_date,date,YES,NULL,,NO,,,,,Observed Bronze column from schema drift workbook.,Bronze provider submission-document metadata; home and submission identifiers are retained without an inferred parent join.,NO_JOIN,
provider_submission_docs,12,export_date,timestamp without time zone,YES,NULL,,NO,,,,,Source export timestamp retained for lineage and point-in-time reporting.,Bronze provider submission-document metadata; home and submission identifiers are retained without an inferred parent join.,NO_JOIN,
ref_kpi_definition,1,KPI ID,character varying(100),NO,NULL,pk_ref_kpi_definition,YES,,,,,Observed Bronze column from schema drift workbook.,Bronze reference metadata describing KPI definitions.,NO_JOIN,
ref_kpi_definition,2,KPI Description,text,YES,NULL,,NO,,,,,Observed Bronze column from schema drift workbook.,Bronze reference metadata describing KPI definitions.,NO_JOIN,
ref_kpi_definition,3,Calculation,text,YES,NULL,,NO,,,,,Observed Bronze column from schema drift workbook.,Bronze reference metadata describing KPI definitions.,NO_JOIN,
ref_kpi_definition,4,PBI Measure,text,YES,NULL,,NO,,,,,Observed Bronze column from schema drift workbook.,Bronze reference metadata describing KPI definitions.,NO_JOIN,
ref_kpi_definition,5,Section,character varying(255),YES,NULL,,NO,,,,,Observed Bronze column from schema drift workbook.,Bronze reference metadata describing KPI definitions.,NO_JOIN,
ref_kpi_definition,6,Tables,text,YES,NULL,,NO,,,,,Observed Bronze column from schema drift workbook.,Bronze reference metadata describing KPI definitions.,NO_JOIN,
ref_kpi_definition,7,ref FR IDs,text,YES,NULL,,NO,,,,,Observed Bronze column from schema drift workbook.,Bronze reference metadata describing KPI definitions.,NO_JOIN,
ref_kpi_definition,8,ref FR IDs Description,text,YES,NULL,,NO,,,,,Observed Bronze column from schema drift workbook.,Bronze reference metadata describing KPI definitions.,NO_JOIN,
ref_kpi_definition,9,export_date,timestamp without time zone,YES,NULL,,NO,,,,,Source export timestamp retained for lineage and point-in-time reporting.,Bronze reference metadata describing KPI definitions.,NO_JOIN,
ref_kpi_rid_linkage,1,KPI ID,character varying(100),NO,NULL,pk_ref_kpi_rid_linkage,YES,,,,,Observed Bronze column from schema drift workbook.,Bronze reference metadata linking KPI identifiers to requirement identifiers.,NO_JOIN,
ref_kpi_rid_linkage,2,Req ID,character varying(100),NO,NULL,pk_ref_kpi_rid_linkage,YES,,,,,Observed Bronze column from schema drift workbook.,Bronze reference metadata linking KPI identifiers to requirement identifiers.,NO_JOIN,
ref_kpi_rid_linkage,3,export_date,timestamp without time zone,YES,NULL,,NO,,,,,Source export timestamp retained for lineage and point-in-time reporting.,Bronze reference metadata linking KPI identifiers to requirement identifiers.,NO_JOIN,
ref_rid,1,Req ID,character varying(100),NO,NULL,pk_ref_rid,YES,,,,,Observed Bronze column from schema drift workbook.,Bronze reference metadata for functional requirements.,NO_JOIN,
ref_rid,2,Oiriginal ID,bigint,YES,NULL,,NO,,,,,Observed Bronze column from schema drift workbook.,Bronze reference metadata for functional requirements.,NO_JOIN,
ref_rid,3,Priority,character varying(100),YES,NULL,,NO,,,,,Observed Bronze column from schema drift workbook.,Bronze reference metadata for functional requirements.,NO_JOIN,
ref_rid,4,Requirement,text,YES,NULL,,NO,,,,,Observed Bronze column from schema drift workbook.,Bronze reference metadata for functional requirements.,NO_JOIN,
ref_rid,5,Stakeholder,character varying(255),YES,NULL,,NO,,,,,Observed Bronze column from schema drift workbook.,Bronze reference metadata for functional requirements.,NO_JOIN,
ref_rid,6,Status,character varying(100),YES,NULL,,NO,,,,,Observed Bronze column from schema drift workbook.,Bronze reference metadata for functional requirements.,NO_JOIN,
ref_rid,7,KPI_s_,text,YES,NULL,,NO,,,,,Observed Bronze column from schema drift workbook.,Bronze reference metadata for functional requirements.,NO_JOIN,
ref_rid,8,export_date,timestamp without time zone,YES,NULL,,NO,,,,,Source export timestamp retained for lineage and point-in-time reporting.,Bronze reference metadata for functional requirements.,NO_JOIN,
ref_table_lineage,1,Schema Definition Table,character varying(255),NO,NULL,pk_ref_table_lineage,YES,,,,,Observed Bronze column from schema drift workbook.,Bronze reference metadata describing intended source-to-target lineage.,NO_JOIN,
ref_table_lineage,2,Silver Source,character varying(255),YES,NULL,,NO,,,,,Observed Bronze column from schema drift workbook.,Bronze reference metadata describing intended source-to-target lineage.,NO_JOIN,
ref_table_lineage,3,Gold Table,character varying(255),YES,NULL,,NO,,,,,Observed Bronze column from schema drift workbook.,Bronze reference metadata describing intended source-to-target lineage.,NO_JOIN,
ref_table_lineage,4,Functional Area,character varying(255),YES,NULL,,NO,,,,,Observed Bronze column from schema drift workbook.,Bronze reference metadata describing intended source-to-target lineage.,NO_JOIN,
ref_table_lineage,5,export_date,timestamp without time zone,YES,NULL,,NO,,,,,Source export timestamp retained for lineage and point-in-time reporting.,Bronze reference metadata describing intended source-to-target lineage.,NO_JOIN,
referral,1,referral_id,uuid,NO,NULL,pk_referral,YES,,,,,Auto Generated Unique Primary Key,Holds key informatoin regarding the referral as created by the placement officer,NO_JOIN,
referral,2,placement_type,character varying(120),YES,NULL,,NO,,,,,Placement type supplied by the flattened referral extract,Holds key informatoin regarding the referral as created by the placement officer,NO_JOIN,
referral,3,required_start_date,date,NO,NULL,,NO,,,,,The date that this referral is required to start,Holds key informatoin regarding the referral as created by the placement officer,NO_JOIN,
referral,4,response_required_by_date,date,NO,NULL,,NO,,,,,A preferred date that the local authority require from providers,Holds key informatoin regarding the referral as created by the placement officer,NO_JOIN,
referral,5,is_sibling_placement,boolean,NO,FALSE,,NO,,,,,A boolean flag to indiciate that this is a sibling placement,Holds key informatoin regarding the referral as created by the placement officer,NO_JOIN,
referral,6,sibling_count,integer,NO,NULL,,NO,,,,,The number of siblings that are included in this referral,Holds key informatoin regarding the referral as created by the placement officer,NO_JOIN,
referral,7,is_parent_child_placement,boolean,NO,FALSE,,NO,,,,,A boolean flag to indiciate that this is a parent/child placement,Holds key informatoin regarding the referral as created by the placement officer,NO_JOIN,
referral,8,has_location_preferrence,boolean,NO,NULL,,NO,,,,,A boolean flag to indiciate that a location preference is to be considered,Holds key informatoin regarding the referral as created by the placement officer,NO_JOIN,
referral,9,location_preference_details,character varying(300),YES,NULL,,NO,,,,,Details of the location preferences for this referral,Holds key informatoin regarding the referral as created by the placement officer,NO_JOIN,
referral,10,has_location_restriction,boolean,NO,NULL,,NO,,,,,A boolean flag to indiciate that location restrictions are to be considered,Holds key informatoin regarding the referral as created by the placement officer,NO_JOIN,
referral,11,location_restriction_details,character varying(300),YES,NULL,,NO,,,,,Details for the location restrictions expressed for the referral,Holds key informatoin regarding the referral as created by the placement officer,NO_JOIN,
referral,12,additional_information,character varying(3000),YES,NULL,,NO,,,,,"Additional Information regarding the referral. For example, details about the childs needs or profile",Holds key informatoin regarding the referral as created by the placement officer,NO_JOIN,
referral,13,referral_created_date,timestamp without time zone,YES,NULL,,NO,,,,,Date/time the referral was created in the source extract,Holds key informatoin regarding the referral as created by the placement officer,NO_JOIN,
referral,14,referral_modified_date,timestamp without time zone,YES,NULL,,NO,,,,,Date/time the referral was last modified in the source extract,Holds key informatoin regarding the referral as created by the placement officer,NO_JOIN,
referral,15,is_spot,boolean,NO,FALSE,,NO,,,,,NULL,Holds key informatoin regarding the referral as created by the placement officer,NO_JOIN,
referral,16,referral_created_by,character varying(100),YES,NULL,,NO,,,,,User identifier that created the referral,Holds key informatoin regarding the referral as created by the placement officer,NO_JOIN,
referral,17,referral_updated_by,character varying(100),YES,NULL,,NO,,,,,User identifier that last updated the referral,Holds key informatoin regarding the referral as created by the placement officer,NO_JOIN,
referral,18,referral_status,character varying(50),YES,NULL,,NO,,,,,Current referral status supplied by the flattened referral extract,Holds key informatoin regarding the referral as created by the placement officer,NO_JOIN,
referral,19,export_date,timestamp without time zone,YES,NULL,,NO,,,,,Source export timestamp carried into Silver for lineage and point-in-time reporting,Holds key informatoin regarding the referral as created by the placement officer,NO_JOIN,
referral_category,1,referral_id,uuid,NO,NULL,pk_referral_category,YES,fk_referral_category_referral,referral,referral,referral_id,NULL,NULL,CONTRACT_FK,Retained source FK with an available parent definition
referral_category,2,framework_category_id,integer,NO,NULL,pk_referral_category,YES,fk_referral_category_framework_category,framework,framework_category,framework_category_id,NULL,NULL,CONTRACT_FK,Retained source FK with an available parent definition
referral_category,3,export_date,timestamp without time zone,YES,NULL,,NO,,,,,Source export timestamp carried into Silver for lineage and point-in-time reporting,NULL,NO_JOIN,
referral_person,1,person_id,uuid,NO,NULL,pk_person_id,YES,,,,,NULL,NULL,NO_JOIN,
referral_person,2,initials,STRING,NO,NULL,,NO,,,,,NULL,NULL,NO_JOIN,
referral_person,3,age_value,integer,NO,NULL,,NO,,,,,NULL,NULL,NO_JOIN,
referral_person,4,age_date_unit,character varying(200),NO,NULL,,NO,,,,,NULL,NULL,NO_JOIN,
referral_person,5,has_restrictions,boolean,NO,NULL,,NO,,,,,NULL,NULL,NO_JOIN,
referral_person,6,restriction_details,character varying(200),YES,NULL,,NO,,,,,NULL,NULL,NO_JOIN,
referral_person,7,source_reference_id,character varying(50),NO,NULL,,NO,,,,,NULL,NULL,NO_JOIN,
referral_person,8,gender,character varying(200),NO,NULL,,NO,,,,,NULL,NULL,NO_JOIN,
referral_person,9,gender_other,character varying(200),YES,NULL,,NO,,,,,NULL,NULL,NO_JOIN,
referral_person,10,ethnicity,character varying(200),NO,NULL,,NO,,,,,NULL,NULL,NO_JOIN,
referral_person,11,ethnicity_other,character varying(200),YES,NULL,,NO,,,,,NULL,NULL,NO_JOIN,
referral_person,12,religion,character varying(200),NO,NULL,,NO,,,,,NULL,NULL,NO_JOIN,
referral_person,13,religion_other,character varying(200),YES,NULL,,NO,,,,,NULL,NULL,NO_JOIN,
referral_person,14,preferred_language,character varying(200),NO,NULL,,NO,,,,,NULL,NULL,NO_JOIN,
referral_person,15,preferred_language_other,character varying(200),YES,NULL,,NO,,,,,NULL,NULL,NO_JOIN,
referral_person,16,referral_id,uuid,NO,NULL,,NO,fk_referral_person_referral,referral,referral,referral_id,NULL,NULL,CONTRACT_FK,Retained source FK with an available parent definition
referral_person,17,child_index,integer,NO,NULL,,NO,,,,,NULL,NULL,NO_JOIN,
referral_person,18,export_date,timestamp without time zone,YES,NULL,,NO,,,,,Source export timestamp carried into Silver for lineage and point-in-time reporting,NULL,NO_JOIN,
referral_person_support_needs,1,person_id,uuid,NO,NULL,pk_referral_person_support_needs,YES,fk_referral_person_support_needs_person_id,referral,referral_person,person_id,Observed Bronze column from schema drift workbook.,Bronze bridge between a referral person and a recorded support need.,CONTRACT_FK,Observed Bronze identifier matches an available Silver parent key.
referral_person_support_needs,2,support_need,text,NO,NULL,pk_referral_person_support_needs,YES,,,,,Observed Bronze column from schema drift workbook.,Bronze bridge between a referral person and a recorded support need.,NO_JOIN,
referral_person_support_needs,3,export_date,timestamp without time zone,YES,NULL,,NO,,,,,Source export timestamp retained for lineage and point-in-time reporting.,Bronze bridge between a referral person and a recorded support need.,NO_JOIN,
referral_provider,1,referral_provider_id,uuid,NO,NULL,pk_referral_provider,YES,,,,,NULL,Mapping table for referrals to providers,NO_JOIN,
referral_provider,2,referral_id,uuid,NO,NULL,,NO,fk_referral_provider_referral,referral,referral,referral_id,FK - Unique ID of the Referral,Mapping table for referrals to providers,CONTRACT_FK,Retained source FK with an available parent definition
referral_provider,3,provider_id,uuid,NO,NULL,,NO,fk_referral_provider_provider,provider,provider,provider_id,FK - Unique ID of the Provider,Mapping table for referrals to providers,CONTRACT_FK,Retained source FK with an available parent definition
referral_provider,4,is_excluded,boolean,NO,FALSE,,NO,,,,,Flag to indicate if the provider is excluded from the referral,Mapping table for referrals to providers,NO_JOIN,
referral_provider,5,is_declined,boolean,NO,FALSE,,NO,,,,,Boolean value to indicate if this Referral is currently declined by the Provider,Mapping table for referrals to providers,NO_JOIN,
referral_provider,6,created_by,character varying(100),NO,NULL,,NO,,,,,The system user that created this record,Mapping table for referrals to providers,NO_JOIN,
referral_provider,7,modified_by,character varying(100),YES,NULL,,NO,,,,,The system user that last modified this record,Mapping table for referrals to providers,NO_JOIN,
referral_provider,8,created_date,timestamp without time zone,YES,NULL,,NO,,,,,Source creation timestamp observed in supplied source-schema extract.,Mapping table for referrals to providers,NO_JOIN,
referral_provider,9,modified_date,timestamp without time zone,YES,NULL,,NO,,,,,Source modification timestamp observed in supplied source-schema extract.,Mapping table for referrals to providers,NO_JOIN,
referral_provider,10,is_cancelled,boolean,NO,FALSE,,NO,,,,,NULL,Mapping table for referrals to providers,NO_JOIN,
referral_provider,11,is_closed,boolean,NO,FALSE,,NO,,,,,NULL,Mapping table for referrals to providers,NO_JOIN,
referral_provider,12,is_spot,boolean,NO,FALSE,,NO,,,,,NULL,Mapping table for referrals to providers,NO_JOIN,
referral_provider,13,export_date,timestamp without time zone,YES,NULL,,NO,,,,,Source export timestamp carried into Silver for lineage and point-in-time reporting,Mapping table for referrals to providers,NO_JOIN,
referral_provider_cancel_reason,1,cancel_reason_id,bigint,NO,nextval('referral.referral_provider_cancel_reason_cancel_reason_id_seq'::regclass),pk_referral_provider_cancel_reason,YES,,,,,Autogenerated Primary Key,This entity holds all reasons submitted by a provider for cancelling a referral,NO_JOIN,
referral_provider_cancel_reason,2,cancel_reason,character varying(9),NO,NULL,,NO,,,,,Unique Code to Cancel Reason Reference Data,This entity holds all reasons submitted by a provider for cancelling a referral,INVALID_JOIN,Parent table/column absent from SI-007 definition
referral_provider_cancel_reason,3,cancel_reason_other_text,character varying(100),YES,NULL,,NO,,,,,"Free text field for cancelled reason

Only populated when Reference Code is ""OTHER?""",This entity holds all reasons submitted by a provider for cancelling a referral,NO_JOIN,
referral_provider_cancel_reason,4,created_by,character varying(100),NO,NULL,,NO,,,,,This field holds the system user name of the user that provided the cancel reason,This entity holds all reasons submitted by a provider for cancelling a referral,NO_JOIN,
referral_provider_cancel_reason,5,created_date,timestamp without time zone,NO,now(),,NO,,,,,The timestamp when the cancel reason was added,This entity holds all reasons submitted by a provider for cancelling a referral,NO_JOIN,
referral_provider_cancel_reason,6,referral_provider_id,uuid,NO,NULL,,NO,fk_referral_provider_cancel_reason_referral_provider,referral,referral_provider,referral_provider_id,Foreign Key to Referral Provider Table,This entity holds all reasons submitted by a provider for cancelling a referral,CONTRACT_FK,Retained source FK with an available parent definition
referral_provider_cancel_reason,7,export_date,timestamp without time zone,YES,NULL,,NO,,,,,Source export timestamp carried into Silver for lineage and point-in-time reporting,This entity holds all reasons submitted by a provider for cancelling a referral,NO_JOIN,
referral_provider_decline_reason,1,decline_reason_id,bigint,NO,nextval('referral.referral_provider_decline_reason_decline_reason_id_seq'::regclass),pk_referral_provider_decline_reason,YES,,,,,Autogenerated Primary Key,This entity holds all reasons submitted by a provider for declining a referral,NO_JOIN,
referral_provider_decline_reason,2,decline_reason,character varying(9),NO,NULL,,NO,,,,,Unique Code to Decline Reason Reference Data,This entity holds all reasons submitted by a provider for declining a referral,INVALID_JOIN,Parent table/column absent from SI-007 definition
referral_provider_decline_reason,3,decline_reason_other_text,character varying(100),YES,NULL,,NO,,,,,"Free text field for declined reason

Only populated when Reference Code is ""OTHER?""",This entity holds all reasons submitted by a provider for declining a referral,NO_JOIN,
referral_provider_decline_reason,4,created_by,character varying(100),NO,NULL,,NO,,,,,This field holds the system user name of the user that provided the decline reason,This entity holds all reasons submitted by a provider for declining a referral,NO_JOIN,
referral_provider_decline_reason,5,created_date,timestamp without time zone,NO,now(),,NO,,,,,The timestamp when the decline reason was added,This entity holds all reasons submitted by a provider for declining a referral,NO_JOIN,
referral_provider_decline_reason,6,referral_provider_id,uuid,NO,NULL,,NO,fk_referral_provider_decline_reason_referral_provider,referral,referral_provider,referral_provider_id,Foreign Key to Referral Provider Table,This entity holds all reasons submitted by a provider for declining a referral,CONTRACT_FK,Retained source FK with an available parent definition
referral_provider_decline_reason,7,export_date,timestamp without time zone,YES,NULL,,NO,,,,,Source export timestamp carried into Silver for lineage and point-in-time reporting,This entity holds all reasons submitted by a provider for declining a referral,NO_JOIN,
referral_provider_message,1,message_id,uuid,NO,NULL,pk_referral_provider_message,YES,,,,,Auto Generated Unique ID,This entity will hold all messages between Providers and Placement Officers,NO_JOIN,
referral_provider_message,2,referral_provider_id,uuid,NO,NULL,,NO,fk_referral_message_referral_provider,referral,referral_provider,referral_provider_id,NULL,This entity will hold all messages between Providers and Placement Officers,CONTRACT_FK,Retained source FK with an available parent definition
referral_provider_message,3,message_read_by,character varying(100),YES,NULL,,NO,,,,,Source user that read the message observed in supplied source-schema extract.,This entity will hold all messages between Providers and Placement Officers,NO_JOIN,
referral_provider_message,4,message_read_timestamp,timestamp without time zone,YES,NULL,,NO,,,,,Source read timestamp observed in supplied source-schema extract.,This entity will hold all messages between Providers and Placement Officers,NO_JOIN,
referral_provider_message,5,message_text,character varying(3000),NO,NULL,,NO,,,,,This is the body of the message,This entity will hold all messages between Providers and Placement Officers,NO_JOIN,
referral_provider_message,6,created_timestamp,timestamp without time zone,NO,now(),,NO,,,,,The timestamp this message was created,This entity will hold all messages between Providers and Placement Officers,NO_JOIN,
referral_provider_message,7,created_by,character varying(100),NO,NULL,,NO,,,,,The system user that created the message,This entity will hold all messages between Providers and Placement Officers,NO_JOIN,
referral_provider_message,8,export_date,timestamp without time zone,YES,NULL,,NO,,,,,Source export timestamp carried into Silver for lineage and point-in-time reporting,This entity will hold all messages between Providers and Placement Officers,NO_JOIN,
referral_spot_category,1,referral_spot_category_id,bigint,NO,nextval('referral.referral_spot_category_referral_spot_category_id_seq'::regclass),pk_referral_spot_category,YES,,,,,NULL,Spot categories supported by the Referral,NO_JOIN,
referral_spot_category,2,referral_id,uuid,NO,NULL,,NO,fk_referral_spot_category_referral,referral,referral,referral_id,FK to Referral,Spot categories supported by the Referral,CONTRACT_FK,Retained source FK with an available parent definition
referral_spot_category,3,spot_category,character varying(100),YES,NULL,,NO,,,,,Spot category observed in supplied source-schema extract.,Spot categories supported by the Referral,NO_JOIN,
referral_spot_category,4,export_date,timestamp without time zone,YES,NULL,,NO,,,,,Source export timestamp carried into Silver for lineage and point-in-time reporting,Spot categories supported by the Referral,NO_JOIN,
supervising_social_worker,1,social_worker_id,uuid,NO,NULL,pk_supervising_social_worker,YES,,,,,NULL,NULL,NO_JOIN,
supervising_social_worker,2,offer_id,uuid,NO,NULL,,NO,fk_social_worker_offer,offer,offer,offer_id,NULL,NULL,CONTRACT_FK,Retained source FK with an available parent definition
supervising_social_worker,3,full_name,character varying(255),NO,NULL,,NO,,,,,NULL,NULL,NO_JOIN,
supervising_social_worker,4,phone_number,character varying(20),NO,NULL,,NO,,,,,NULL,NULL,NO_JOIN,
supervising_social_worker,5,email_address,character varying(255),NO,NULL,,NO,,,,,NULL,NULL,NO_JOIN,
supervising_social_worker,6,export_date,timestamp without time zone,YES,NULL,,NO,,,,,Source export timestamp carried into Silver for lineage and point-in-time reporting,NULL,NO_JOIN,
