table_name,ordinal_position,column_name,data_type,is_nullable,column_default,primary_key_name,is_primary_key,foreign_key_name,referenced_schema,referenced_table,referenced_column,column_description,table_description,definition_hash,definition_loaded_at,join_class,join_evidence
additional_fee,1,additional_fee_id,uuid,NO,NULL,pk_additional_fee,YES,,,,,Auto Generated Unique Primary Key,Holds key information regarding the addtional fee,97ca6135a3f49ed4ee91e2420db1e0c4d5c7404006502de8909da50c243f3ecc,2026-08-18 16:47:51.418590,,
additional_fee,2,offer_id,uuid,NO,NULL,,NO,fk_offer_additional_fee,offer,offer,offer_id,FK to Offer entity,Holds key information regarding the addtional fee,c78926542c79df9337fac9ff87229438abe8e599d6137b1f9d7f5cf1eba9e4d3,2026-08-18 16:47:51.418590,,
additional_fee,3,fee_title,character varying(9),YES,NULL,,NO,,,,,Fee code,Holds key information regarding the addtional fee,83b101cdc789a8f3480b971ee6fcdb48ae3e3716f03abf4576132135899f2c03,2026-08-18 16:47:51.418590,,
additional_fee,4,number_of_hours,"numeric(6,1)",NO,NULL,,NO,,,,,NULL,Holds key information regarding the addtional fee,e25afff25fe785072fc7b380d349e972531aab7b5872340531b0c9149d4586ae,2026-08-18 16:47:51.418590,,
additional_fee,5,other_fee_title,character varying(50),YES,NULL,,NO,,,,,NULL,Holds key information regarding the addtional fee,8105ef953b15a4f4ada415324a122310c2db3f8189ac2ef1da5c61f274aa4c7d,2026-08-18 16:47:51.418590,,
additional_fee,6,fee_frequency,character varying(50),NO,NULL,,NO,,,,,NULL,Holds key information regarding the addtional fee,e2863a83de731a7753b100c9ac27932c0b6ee6f8246a90960f467b6eeaefa943,2026-08-18 16:47:51.418590,,
additional_fee,7,rate,"numeric(6,2)",NO,NULL,,NO,,,,,NULL,Holds key information regarding the addtional fee,2ca70c0cdb4fa700dcafcfa17ff38dd9f948e45b6149c9d33cedf9fcdc8caa04,2026-08-18 16:47:51.418590,,
additional_fee,8,export_date,timestamp without time zone,YES,NULL,,NO,,,,,Source export timestamp carried into Silver for lineage and point-in-time reporting,Holds key information regarding the addtional fee,d71c28adadc1af4a995f583dee2462cbf51226e99240a11678777e8bb16da59b,2026-08-18 16:47:51.418590,,
foster_carer,1,foster_carer_id,uuid,NO,NULL,pk_foster_carer,YES,,,,,NULL,NULL,b5a2eb88c7315ec790a755c8cd15b8f9fde1d958e967972d51fd4bcab6a8f6a4,2026-08-18 16:47:51.418590,,
foster_carer,2,offer_id,uuid,NO,NULL,,NO,fk_foster_carer_offer,offer,offer,offer_id,NULL,NULL,5c12ee4130ad51bc75bcf53d9a6555e501ec20cb44f613e003a002076c337730,2026-08-18 16:47:51.418590,,
foster_carer,3,is_primary_carer,boolean,NO,NULL,,NO,,,,,NULL,NULL,9598b599f442bc0eb9ffcacfae0d4ea15565f5a51aee4989652d305d9f0ae131,2026-08-18 16:47:51.418590,,
foster_carer,4,full_name,character varying(255),NO,NULL,,NO,,,,,NULL,NULL,aea2729f51b7699ea985c142bd985a264f74ad408952866b9e996929d774b447,2026-08-18 16:47:51.418590,,
foster_carer,5,age,integer,NO,NULL,,NO,,,,,NULL,NULL,53b923362b6408ff6dbb06880c9fa5e6dc10b6514bf4ff75f932989e66644517,2026-08-18 16:47:51.418590,,
foster_carer,6,language_code,character varying(9),NO,NULL,,NO,,,,,NULL,NULL,7fd9ab914a338653346298d27611d8486ee8d36f88537a4fabbf2d401665cf12,2026-08-18 16:47:51.418590,,
foster_carer,7,language_other,character varying(100),YES,NULL,,NO,,,,,NULL,NULL,3c3c70511e2516ce6ebdcb2cc79206c7618b5c6b57a3a3f08411b203d819c324,2026-08-18 16:47:51.418590,,
foster_carer,8,gender_code,character varying(9),NO,NULL,,NO,,,,,NULL,NULL,46fac2965269c7254d3a6a0480ceace0e0a374ac58f0b20d13aace9a84557b93,2026-08-18 16:47:51.418590,,
foster_carer,9,gender_other,character varying(100),YES,NULL,,NO,,,,,NULL,NULL,513c446544ce5c5204fb99ce471d615e9a6ff3792c4276346859fda0eb5da126,2026-08-18 16:47:51.418590,,
foster_carer,10,ethnicity_code,character varying(9),NO,NULL,,NO,,,,,NULL,NULL,df657ebe18d39e2043a9f30a4ff0d8445abf36deddca132f10991b6b63753692,2026-08-18 16:47:51.418590,,
foster_carer,11,ethnicity_other,character varying(100),YES,NULL,,NO,,,,,NULL,NULL,0bf7de69918fe97d3ba1f77227de22cb548b668d7283ac3aed79a151548adc14,2026-08-18 16:47:51.418590,,
foster_carer,12,religion_code,character varying(9),NO,NULL,,NO,,,,,NULL,NULL,433ca0fb41172923b7e319b79fa2fe2178e5f5e4ba5d4651916a618ca93b7b6e,2026-08-18 16:47:51.418590,,
foster_carer,13,religion_other,character varying(100),YES,NULL,,NO,,,,,NULL,NULL,ed8020b05ab5d33548f4962d8edcf7fc08f0897112fa368b4c19c42c5cdd82c5,2026-08-18 16:47:51.418590,,
foster_carer,14,phone_number,character varying(20),NO,NULL,,NO,,,,,NULL,NULL,3b9117e3b0ceaf68be75ceaa041b55b06d645dfaa5706c31b8ae7e70fe4e3baa,2026-08-18 16:47:51.418590,,
foster_carer,15,email_address,character varying(255),NO,NULL,,NO,,,,,NULL,NULL,627016143e150618f5cfb614740cdad21462fe96c96cf94337a5b5c1473d5c8d,2026-08-18 16:47:51.418590,,
foster_carer,16,date_of_approval,timestamp without time zone,NO,NULL,,NO,,,,,NULL,NULL,da311c21af87214028169c06d8bd9e7736c880c8f6a75ca773fb70a7969d1d7c,2026-08-18 16:47:51.418590,,
foster_carer,17,approval_details,text,NO,NULL,,NO,,,,,NULL,NULL,8f2fc463454830ab7f5fbd3216fe159811f07a1c3b8d260118ac8a9899770ece,2026-08-18 16:47:51.418590,,
foster_carer,18,export_date,timestamp without time zone,YES,NULL,,NO,,,,,Source export timestamp carried into Silver for lineage and point-in-time reporting,NULL,925c11150a0d94264052b79078fb9ff7954e2f42dccb471c93687efa1ce15389,2026-08-18 16:47:51.418590,,
foster_home,1,foster_home_id,uuid,NO,NULL,pk_foster_home,YES,,,,,NULL,NULL,487fb153616a252f4f830e7ffcf746895700e92345918104421ee50d885882b9,2026-08-18 16:47:51.418590,,
foster_home,2,offer_id,uuid,NO,NULL,,NO,fk_foster_home_offer,offer,offer,offer_id,NULL,NULL,2c904beca7625434ebbcd42e8d377010aff9c4c729ed50475ddab55e5613aec3,2026-08-18 16:47:51.418590,,
foster_home,3,address_line1,character varying(255),NO,NULL,,NO,,,,,NULL,NULL,f1e584ff0b2ed448735f711f2c6be6cda83083c4df32588baf6e6328ddf495ad,2026-08-18 16:47:51.418590,,
foster_home,4,address_line2,character varying(255),YES,NULL,,NO,,,,,NULL,NULL,e69870e31e01a61f40faaa5f08ac8fb6e3fccc9fe87ccbc9f3f851f9233f349c,2026-08-18 16:47:51.418590,,
foster_home,5,town_or_city,character varying(100),NO,NULL,,NO,,,,,NULL,NULL,46796682c0c429d3bf1f71e8760475f4332c4f6446b25c0b599cffd8a9ba19a6,2026-08-18 16:47:51.418590,,
foster_home,6,county,character varying(100),YES,NULL,,NO,,,,,NULL,NULL,7879cc646fb77f791105ab89fdc21ffefc315a123479b1aefd43a56987fb8c0f,2026-08-18 16:47:51.418590,,
foster_home,7,postcode,character varying(10),NO,NULL,,NO,,,,,NULL,NULL,17f65c2e9a0cdee66abf37cfc0c07968df0b7dbfd044a134470c5d42ca8e09c9,2026-08-18 16:47:51.418590,,
foster_home,8,has_pets,boolean,NO,NULL,,NO,,,,,NULL,NULL,9ace250f6a8c538aba754970032a90d0e273224d918972a9646195d57a9ba83c,2026-08-18 16:47:51.418590,,
foster_home,9,pets_details,text,YES,NULL,,NO,,,,,NULL,NULL,7ba3153181beb66be0cbb475f44377361e7bff3e6407237756bb714b05ac38d8,2026-08-18 16:47:51.418590,,
foster_home,10,export_date,timestamp without time zone,YES,NULL,,NO,,,,,Source export timestamp carried into Silver for lineage and point-in-time reporting,NULL,6d3a5a73de7b8d02ab4deb4502c33d098dfa752251eef3d134311cda1b30d36a,2026-08-18 16:47:51.418590,,
foster_transport,1,foster_transport_id,uuid,NO,NULL,pk_foster_transport,YES,,,,,NULL,NULL,76ff508c20f6774555f8b4ad9d49dab2b6713a61e822d2ac8082185ec629a15b,2026-08-18 16:47:51.418590,,
foster_transport,2,offer_id,uuid,NO,NULL,,NO,fk_foster_transport_offer,offer,offer,offer_id,NULL,NULL,766428c415fb19eb1c67207c83f919c7da3e0b3ca2c77bdde031c8ed940e066d,2026-08-18 16:47:51.418590,,
foster_transport,3,school_transport_provision,character varying(20),NO,NULL,,NO,,,,,NULL,NULL,f0b85cca4fe528d60849a409f97f56e220e0811eca2014092dce347c7843228e,2026-08-18 16:47:51.418590,,
foster_transport,4,school_transport_details,text,YES,NULL,,NO,,,,,NULL,NULL,dd661183ce4bd55bb205e5cb7ea8c7ad01c86f2f3d62796c8869731440d64a2b,2026-08-18 16:47:51.418590,,
foster_transport,5,family_transport_provision,character varying(20),NO,NULL,,NO,,,,,NULL,NULL,d24fcae308a05fe8c09a341354abd15d9e9769dbb74c22439856d0187c239f6d,2026-08-18 16:47:51.418590,,
foster_transport,6,family_transport_details,text,YES,NULL,,NO,,,,,NULL,NULL,e326ae5ab900a3056b713b017c5f77bbb3ed6d955119b7c32c1c05483866ddbf,2026-08-18 16:47:51.418590,,
foster_transport,7,export_date,timestamp without time zone,YES,NULL,,NO,,,,,Source export timestamp carried into Silver for lineage and point-in-time reporting,NULL,3129258b212f7ac26d54ed67dae6b65e99958d928d2ed42cd81669fd26439c20,2026-08-18 16:47:51.418590,,
framework,1,framework_code,character varying(10),NO,,pk_framework,YES,,,,,Framework identifier observed in SI-007 archive output.,Framework parent key used by provider framework mappings.,bfa1517811ac39db4b02b395fc4415b3d14341b4b0fe8c7087a8b5480f6459ae,2026-08-18 16:47:51.418590,,
framework,2,export_date,timestamp without time zone,YES,,,,,,,,Source export timestamp carried into Silver for lineage and point-in-time reporting,Framework parent key used by provider framework mappings.,a34ea1975f3146de5cfe220134adf582caaa654415a1072a05e62d2501a1382e,2026-08-18 16:47:51.418590,,
framework_category,1,framework_category_id,integer,NO,NULL,framework_category_pkey,YES,,,,,Unique framework category identifier,Framework placement categories,e76cba24a9ce774dd68bb578c025641b4fef09699d8e739c7f51b1eeb6dd84e5,2026-08-18 16:47:51.418590,,
framework_category,2,category_name,character varying(255),NO,NULL,,NO,,,,,Framework category name,Framework placement categories,98768176a54f26fc6d8d2a195e419e74f4d5760c6db241bf7fcef1484984881d,2026-08-18 16:47:51.418590,,
framework_category,3,framework_code,character varying(10),NO,NULL,,NO,trial_framework_category_framework_code,framework,framework,framework_code,Code of the associated framework,Framework placement categories,5708c8579843405530092c463aa6ebbfb7e54fd00c54f884e428b315a5526c6c,2026-08-18 16:47:51.418590,,
framework_category,4,export_date,timestamp without time zone,YES,NULL,,NO,,,,,Source export timestamp carried into Silver for lineage and point-in-time reporting,Framework placement categories,b543c5f88f0b0c613f96eed1f96f426ee65d2db9ef16e35e63793d8ef4a913c4,2026-08-18 16:47:51.418590,,
holding_company,1,holding_company_id,uuid,NO,NULL,pk_provider_holding_company,YES,,,,,This is an autogenetaed UUID Primary Key,This entity will hold all details regarding a Holding Company,246045af0c96d84b966e73ef0bf4358b4eb873d88f2bd41459d3597c7867d327,2026-08-18 16:47:51.418590,,
holding_company,2,company_name,character varying(100),NO,NULL,,NO,,,,,The full name of the holding company,This entity will hold all details regarding a Holding Company,df140491042a7b516f77f62f0ef9a9dde091c9526721a91a87eae04362f3cb75,2026-08-18 16:47:51.418590,,
holding_company,3,address_line_1,character varying(100),NO,NULL,,NO,,,,,"This should contain the primary address information, typically the house number and street name",This entity will hold all details regarding a Holding Company,96aecff4bc47de35b1378d9b642f06511cab93559a17084af28f3090af349be7,2026-08-18 16:47:51.418590,,
holding_company,4,address_line_2,character varying(100),YES,NULL,,NO,,,,,"This is for additional address details if necessary, such as the apartment or suite number",This entity will hold all details regarding a Holding Company,5c4b5d292a92c4c1e16446c54bceced0fc73e2f7500e691742219057ff5cae77,2026-08-18 16:47:51.418590,,
holding_company,5,town_city,character varying(100),YES,NULL,,NO,,,,,The name of the town or city,This entity will hold all details regarding a Holding Company,a7737314272db45212768576fd094dd15f3c447454b4c053335386e81e6526c9,2026-08-18 16:47:51.418590,,
holding_company,6,county,character varying(100),YES,NULL,,NO,,,,,"While not always necessary, especially for larger cities, the county can be included for clarity",This entity will hold all details regarding a Holding Company,8de0ee0de4ab9af397239e7f686e2e5c861ac11563b308e8b5df46909852fa5c,2026-08-18 16:47:51.418590,,
holding_company,7,postcode,character varying(20),NO,NULL,,NO,,,,,"The UK postcode is a crucial element of the address, used to identify the precise location for mail delivery.",This entity will hold all details regarding a Holding Company,61778762d5718fc8c018f976cf2622d39e7d4f454037846ab4f6bbccc07916c7,2026-08-18 16:47:51.418590,,
holding_company,8,country,character varying(100),YES,NULL,,NO,,,,,"If the address is being used in an international context, specifying 'United Kingdom' is important.",This entity will hold all details regarding a Holding Company,a503ce3b84a98a970abb0df507b3427358025970192520fc485819b9ec2007af,2026-08-18 16:47:51.418590,,
holding_company,9,company_phone_number,character varying(100),NO,NULL,,NO,,,,,The main telephone number for the company,This entity will hold all details regarding a Holding Company,0593a77a195697c474aa1a341b789f8355994ab0542a2bef427dd955f7c8f8da,2026-08-18 16:47:51.418590,,
holding_company,10,company_email_address,character varying(100),NO,NULL,,NO,,,,,The main email address of the holding company,This entity will hold all details regarding a Holding Company,693435ea3c99825475d28dddc52fe8c23e283f922f639fbd1e0b5a1cf37d0085,2026-08-18 16:47:51.418590,,
holding_company,11,contact_person_name,character varying(100),NO,NULL,,NO,,,,,The full name of the main contact at the company,This entity will hold all details regarding a Holding Company,b18917233c12fe12b2061d61deb527595fed79e37d5b6cfe86a207686e8bf66e,2026-08-18 16:47:51.418590,,
holding_company,12,contact_person_phone_number,character varying(100),YES,NULL,,NO,,,,,The full telephone number of the main contact at the company,This entity will hold all details regarding a Holding Company,bb78fa6f748730472b081dfe1ba26846e4fb93cae104c22ed1bab94b6eb54a79,2026-08-18 16:47:51.418590,,
holding_company,13,contact_person_email_address,text,YES,NULL,,NO,,,,,The email address of the main contact at the company,This entity will hold all details regarding a Holding Company,518ca3eb2980972712c489f3c2da4839f34dbcad42281d3986a3c5c31ef4e95a,2026-08-18 16:47:51.418590,,
holding_company,14,companies_house_details,character varying(100),NO,NULL,,NO,,,,,The unique record in companies house.,This entity will hold all details regarding a Holding Company,184c3ca50ae5304d28d319c69976f287bb0923e1369322dea7685345d745e16b,2026-08-18 16:47:51.418590,,
holding_company,15,export_date,timestamp without time zone,YES,NULL,,NO,,,,,Source export timestamp carried into Silver for lineage and point-in-time reporting,This entity will hold all details regarding a Holding Company,ddfbbe4c262f8a032b449628c00c97bb88beaff66d330330fe38c10bf8249a05,2026-08-18 16:47:51.418590,,
ipa,1,ipa_id,uuid,NO,NULL,ipa_pkey,YES,,,,,NULL,NULL,eb0e740c84a6019e4dfccaa91c626a94160ad836e30f56091469f402c223f53b,2026-08-18 16:47:51.418590,,
ipa,2,offer_id,uuid,NO,NULL,,NO,fk_ipa_offer,offer,offer,offer_id,NULL,NULL,de814c40d1288831e72a5b5901ceec49b3d0ba4fd2e9a99f3a76aebad3cbd3ad,2026-08-18 16:47:51.418590,,
ipa,3,referral_id,uuid,NO,NULL,,NO,fk_ipa_referral,referral,referral,referral_id,NULL,NULL,3e31689212d1572769d41e579a370ebbd93ef81fa14c503df240b3b9586934e7,2026-08-18 16:47:51.418590,,
ipa,16,la_name,character varying(150),YES,NULL,,NO,,,,,NULL,NULL,76ed495ba7de7988502af24a37bfaf65befa5f27536e7bccfa79bf6fb50e5ffd,2026-08-18 16:47:51.418590,,
ipa,17,la_addr_line1,character varying(200),YES,NULL,,NO,,,,,NULL,NULL,e9607751806d58f2bc6759427d1e10a60e5c969a7e5eaddedde9666af1d7dad9,2026-08-18 16:47:51.418590,,
ipa,18,la_addr_line2,character varying(200),YES,NULL,,NO,,,,,NULL,NULL,17c30dfda05ccb97d03af7d7d7552f96706619fdad003469f25ed6dd27cd55c6,2026-08-18 16:47:51.418590,,
ipa,19,la_addr_county,character varying(200),YES,NULL,,NO,,,,,NULL,NULL,ac6403f911027ffc59d894cd9af8a3cb055232fba129bd445cc7b0bcaf58ae3d,2026-08-18 16:47:51.418590,,
ipa,20,la_addr_town,character varying(100),YES,NULL,,NO,,,,,NULL,NULL,bb72ecb6b9f803f2a0f9bf330126511b405a92d02c4e0ddb8f657d6e2339d92e,2026-08-18 16:47:51.418590,,
ipa,21,la_addr_postcode,character varying(20),YES,NULL,,NO,,,,,NULL,NULL,ec148f7ab0e08e4d026e59a5c7d18104c543f170ffb459ab5560fbf58759ab90,2026-08-18 16:47:51.418590,,
ipa,22,la_phone,character varying(20),YES,NULL,,NO,,,,,NULL,NULL,11b26260880c8d55b3b157839b87417c0e84dcadb424acfa5b5a2172ba32f09a,2026-08-18 16:47:51.418590,,
ipa,23,la_email,character varying(200),YES,NULL,,NO,,,,,NULL,NULL,9e4ac543a61da5d57657b55093a435de5eb131751dac7051a4c6b2f8df2ce5c8,2026-08-18 16:47:51.418590,,
ipa,24,provider_name,character varying(200),YES,NULL,,NO,,,,,NULL,NULL,79f10f1762d78cf587e9eae75e24de470a5e45a1679a88c604e7449e84c3940d,2026-08-18 16:47:51.418590,,
ipa,25,provider_addr_line1,character varying(200),YES,NULL,,NO,,,,,NULL,NULL,980d2fd667cac881db3a2c402598acd13f54a09c4597df8aac5ba7d6353afcc1,2026-08-18 16:47:51.418590,,
ipa,26,provider_addr_town,character varying(100),YES,NULL,,NO,,,,,NULL,NULL,10ed3d074b79e38c1d265fdb26018d70ec02e928eafe8e6f1ed94e877aceccaf,2026-08-18 16:47:51.418590,,
ipa,27,provider_addr_postcode,character varying(20),YES,NULL,,NO,,,,,NULL,NULL,0b209cb283c44baf50de84ac342df6f4a84eb0eaa50d8093042a7184dd9ab260,2026-08-18 16:47:51.418590,,
ipa,28,provider_phone,character varying(20),YES,NULL,,NO,,,,,NULL,NULL,9493b191cfa351757efa53c2f45083ba3bca7aeae4f5571ce9b50875cdbb301d,2026-08-18 16:47:51.418590,,
ipa,29,provider_email,character varying(200),YES,NULL,,NO,,,,,NULL,NULL,c9655ed47dfef7fde7bf0a5278a4da3566737d0206117b83075e2223126c80db,2026-08-18 16:47:51.418590,,
ipa,30,provider_company_registration_number,character varying(50),YES,NULL,,NO,,,,,NULL,NULL,ec985eae8cf833d7e050e288c52ac10bad52453f198fdea1df4d1d1f310e666d,2026-08-18 16:47:51.418590,,
ipa,31,placement_framework_or_spot,character varying(40),YES,NULL,,NO,,,,,NULL,NULL,4b059200ecfba72422b02f45ebe73fbe466ce1437e79fe05a8bfadc84b0638d4,2026-08-18 16:47:51.418590,,
ipa,32,placement_service_type,character varying(120),YES,NULL,,NO,,,,,NULL,NULL,e9d51962589a29a192da7b76b5eb7356c97ffa4f535ffae9a4172c9820d53f2d,2026-08-18 16:47:51.418590,,
ipa,33,placement_category,character varying(120),YES,NULL,,NO,,,,,NULL,NULL,5f61c20b06cf31b22a07dbb7fbb673e0e32c66e9716185b1c1faf570bc85b884,2026-08-18 16:47:51.418590,,
ipa,34,placement_admission_date,date,YES,NULL,,NO,,,,,NULL,NULL,ca588811bc19260ac280fe5744cef184463c195e17fbbcf3229c869081dc13a6,2026-08-18 16:47:51.418590,,
ipa,35,placement_type,character varying(120),YES,NULL,,NO,,,,,NULL,NULL,a8c174dbdce717c654b54f1351bf466ea1b41a85d6da75a8c536940a658a49bb,2026-08-18 16:47:51.418590,,
ipa,36,placement_type_other_text,character varying(250),YES,NULL,,NO,,,,,NULL,NULL,b860d611609244e94bfee49435362ccedc9bf5e71911a595a8d05bc2329899ab,2026-08-18 16:47:51.418590,,
ipa,37,placement_needs_summary,character varying(3000),YES,NULL,,NO,,,,,NULL,NULL,9c6061798bbd46bdbf563d32ee213470e195299bec2ba66765b877360838beec,2026-08-18 16:47:51.418590,,
ipa,38,home_name,character varying(200),YES,NULL,,NO,,,,,NULL,NULL,ff805033a86679d15dc7bf61c841761c0e735a77bd7cc0a91c4c29edf9dba031,2026-08-18 16:47:51.418590,,
ipa,39,home_addr_line1,character varying(200),YES,NULL,,NO,,,,,NULL,NULL,b3749e51df4c71c17436027e038f1dd5ce412b7c56d6f8075809494e0f915af6,2026-08-18 16:47:51.418590,,
ipa,40,home_addr_town,character varying(100),YES,NULL,,NO,,,,,NULL,NULL,f72316c381d426089723993ed6b4aea605fbe7051bdb740640ad5df3fe8fcf72,2026-08-18 16:47:51.418590,,
ipa,41,home_addr_postcode,character varying(20),YES,NULL,,NO,,,,,NULL,NULL,e0586c5be51783e7751f252a8ddf7c69a0041bb796ef1d3e63638c79fa904236,2026-08-18 16:47:51.418590,,
ipa,42,home_phone,character varying(20),YES,NULL,,NO,,,,,NULL,NULL,729c346fdab98cf22a66e1f9f58dafe2e30ef4f9d105753ced49264917e9b7a2,2026-08-18 16:47:51.418590,,
ipa,43,home_email,character varying(200),YES,NULL,,NO,,,,,NULL,NULL,d95ac40f5864e7ebf5f10145792b2c25337af4afa96adbf1c6e1e7e821f9a7c2,2026-08-18 16:47:51.418590,,
ipa,44,registered_manager_name,character varying(150),YES,NULL,,NO,,,,,NULL,NULL,825510fe98752662b0a2ace91c9a2075820a9fbae3c81ba47ee1e8124119360b,2026-08-18 16:47:51.418590,,
ipa,45,registered_manager_phone,character varying(20),YES,NULL,,NO,,,,,NULL,NULL,a0960b0c6e9a286b74896a86a76c124f46a06f11b9e55512bf8dacffa9ba9ed3,2026-08-18 16:47:51.418590,,
ipa,46,registered_manager_email,character varying(150),YES,NULL,,NO,,,,,NULL,NULL,32a35775b02e4d4d112ea017a9c1879c36305a2aad3fe7511d5f68565883dcf2,2026-08-18 16:47:51.418590,,
ipa,47,registered_manager_registration_number,character varying(150),YES,NULL,,NO,,,,,NULL,NULL,a4a75097123834c81056ed9932b299b9ce8a442c5a80a94b3e14dfbea90d478c,2026-08-18 16:47:51.418590,,
ipa,49,provider_urn,character varying(50),YES,NULL,,NO,,,,,NULL,NULL,a82a2dd3800e9acbe3e67ee4afe28174b03bc1d56ae4f19b3b8382deb7aad6ea,2026-08-18 16:47:51.418590,,
ipa,50,education_included_with_referral,boolean,YES,NULL,,NO,,,,,NULL,NULL,7ffa46f1b86b39fb8a218dfb2303f63574b660155eb2bc5b73a8def333883973,2026-08-18 16:47:51.418590,,
ipa,51,education_provision_name,character varying(200),YES,NULL,,NO,,,,,NULL,NULL,2755237f4f5e27f3df28edc92dabf163cf5296ca1c7ffa2206c9f4c0c63a2e64,2026-08-18 16:47:51.418590,,
ipa,52,education_addr_line1,character varying(200),YES,NULL,,NO,,,,,NULL,NULL,bf1f007fa3d87e8a256e9e64b3a1d18e78e26bfb4ce24b696298230406b9cf51,2026-08-18 16:47:51.418590,,
ipa,53,education_addr_town,character varying(100),YES,NULL,,NO,,,,,NULL,NULL,becde77dbccebe0a949af8c42d7f494fffa5352017ad2f1744e50d7c809c9073,2026-08-18 16:47:51.418590,,
ipa,54,education_addr_postcode,character varying(20),YES,NULL,,NO,,,,,NULL,NULL,1e397a6b5d72c9e77262d7c8f60457b9ed552c2a9aa783a2e7c7305e317e0ae7,2026-08-18 16:47:51.418590,,
ipa,55,education_location,character varying(100),YES,NULL,,NO,,,,,NULL,NULL,a3d4e0f81353dd16052b02c291bf7a886e12d18910051b206a7761e4bf094c35,2026-08-18 16:47:51.418590,,
ipa,56,education_length_weeks,integer,YES,NULL,,NO,,,,,NULL,NULL,504b6bc09f5aa66a4f24448f32bd6a35ec3db75e8cb15b162de991a001c27e33,2026-08-18 16:47:51.418590,,
ipa,57,education_provision_cost,"numeric(19,2)",YES,NULL,,NO,,,,,NULL,NULL,f5aeb7a40c2626f8ee22a10cc3bf7f0ebb387b94887944b4c489620be2104268,2026-08-18 16:47:51.418590,,
ipa,103,costs_total_weekly_fee,"numeric(12,2)",YES,NULL,,NO,,,,,NULL,NULL,2439bb59318d639efcde06ef0fa81c5c294782af908bb27c0e2b179d59106c1e,2026-08-18 16:47:51.418590,,
ipa,104,costs_total_core_costs_weekly_fee,"numeric(12,2)",YES,NULL,,NO,,,,,NULL,NULL,65276e2efba60c568e3a06b9dde5f2ee88305d778a386563cd35da9507130f53,2026-08-18 16:47:51.418590,,
ipa,105,core_cost_weekly_fee,"numeric(12,2)",YES,NULL,,NO,,,,,NULL,NULL,c3dd98d27a24c102cb8aa9063a1aa76ceb1582040cf0b2297cacb851cf34e087,2026-08-18 16:47:51.418590,,
ipa,106,payment_method,character varying(120),YES,NULL,,NO,,,,,NULL,NULL,7a803dadc62ee0d9ceba89ab6884479c894e8ea72d0f0c98dc884ade6ae4dc8a,2026-08-18 16:47:51.418590,,
ipa,107,invoice_recipient_name,character varying(150),YES,NULL,,NO,,,,,NULL,NULL,3039d3726e3aafcd60095012f6737aaf2b0d4e17621da38f795d1268f0a8a545,2026-08-18 16:47:51.418590,,
ipa,108,invoice_recipient_team,character varying(150),YES,NULL,,NO,,,,,NULL,NULL,572742e0247d7dfca6e7fd2f346628151998f2e675d530670cb784d5857be859,2026-08-18 16:47:51.418590,,
ipa,109,invoice_recipient_email,character varying(200),YES,NULL,,NO,,,,,NULL,NULL,ea76199ba6f54ce799b6582a88f9da8ce73d25e26325fdb25c3793b91db1ea62,2026-08-18 16:47:51.418590,,
ipa,110,invoice_addr_line1,character varying(200),YES,NULL,,NO,,,,,NULL,NULL,985b5359236445869329debf02f39fe598426bbf4449c803cb438c8d4b93d642,2026-08-18 16:47:51.418590,,
ipa,111,invoice_addr_line2,character varying(200),YES,NULL,,NO,,,,,NULL,NULL,b74d0c5ef1b3bcaeb9c1173529a1e6c756f700b258f0151c32d2895e6c55b019,2026-08-18 16:47:51.418590,,
ipa,112,invoice_addr_county,character varying(200),YES,NULL,,NO,,,,,NULL,NULL,150686705bfb77dab9efc5de587196cb0b3e01d4c65fd100d62f08a91a687998,2026-08-18 16:47:51.418590,,
ipa,113,invoice_addr_town,character varying(100),YES,NULL,,NO,,,,,NULL,NULL,2e6b260308be4a2cd8475d00b924c0241c5971d965dcda0b5f90e1cc119d865b,2026-08-18 16:47:51.418590,,
ipa,114,invoice_addr_postcode,character varying(20),YES,NULL,,NO,,,,,NULL,NULL,ea75d8bda0b687e0126f751ddeeb5880280e5e7c848ce5a97358819b1f477d20,2026-08-18 16:47:51.418590,,
ipa,115,schedule_contact_name,character varying(150),YES,NULL,,NO,,,,,NULL,NULL,ec6fe8e023e988ce8ba39eda0ebad225af8886091dac61e354da933e4e65b128,2026-08-18 16:47:51.418590,,
ipa,116,schedule_contact_phone,character varying(100),YES,NULL,,NO,,,,,NULL,NULL,7a7233ae821da07cb030372b6d75d821c4508426567f8335b103862980198a8f,2026-08-18 16:47:51.418590,,
ipa,117,schedule_contact_email,character varying(200),YES,NULL,,NO,,,,,NULL,NULL,3ffa5437736e467edb2cf0d1bd3d0a360f7e5df3938e0ce6b567ec5ecc2f9eb5,2026-08-18 16:47:51.418590,,
ipa,118,schedule_addr_line1,character varying(200),YES,NULL,,NO,,,,,NULL,NULL,72bbb463f47425f59cf86ae3cda0fe45d73f93bc8077aff59e5d2b1569240cf9,2026-08-18 16:47:51.418590,,
ipa,119,schedule_addr_line2,character varying(200),YES,NULL,,NO,,,,,NULL,NULL,a10a881cfb5ce0fca42f95b8c2b679a4ad0389e1a1f08ee82d11f95c3ff46709,2026-08-18 16:47:51.418590,,
ipa,120,schedule_addr_county,character varying(200),YES,NULL,,NO,,,,,NULL,NULL,3c964c4ead7c11800fd1b19bc5dc66969efad4d397be9e153f0d91329b9b9dfa,2026-08-18 16:47:51.418590,,
ipa,121,schedule_addr_town,character varying(100),YES,NULL,,NO,,,,,NULL,NULL,c2041d3e88129097c2a644e2ffaa60b97886041ffec2e015de543b36ca1240fd,2026-08-18 16:47:51.418590,,
ipa,122,schedule_addr_postcode,character varying(20),YES,NULL,,NO,,,,,NULL,NULL,3c099d41de1c329a37c6a9e880d389037ec0c80cbeef68df06e98a6ecbe2c31e,2026-08-18 16:47:51.418590,,
ipa,123,schedule_do_not_send_invoices_note,character varying(3000),YES,NULL,,NO,,,,,NULL,NULL,87370530143185ce39a47249c088718e53740b3a02ebedf0cd9e57c42a8f814a,2026-08-18 16:47:51.418590,,
ipa,124,created_datetime,timestamp without time zone,NO,NULL,,NO,,,,,NULL,NULL,560febf8214b13f63d10da2b6fcd20c7b79f7131bfb72e5ae544c57445e73c22,2026-08-18 16:47:51.418590,,
ipa,125,updated_datetime,timestamp without time zone,YES,NULL,,NO,,,,,NULL,NULL,3b52ed2f16a4b31017f28e01ab2feb1e8182553145e48b1e0312f6b98f95cad7,2026-08-18 16:47:51.418590,,
ipa,126,provider_addr_line2,character varying(200),YES,NULL,,NO,,,,,NULL,NULL,ff27434844792399adb9ceecfbc201f0dbce814aa9cdf4c3cc2f6463e6f4b33f,2026-08-18 16:47:51.418590,,
ipa,127,provider_addr_county,character varying(200),YES,NULL,,NO,,,,,NULL,NULL,7024efc1ab99438ff67dea3ebfb481ae4f0a7dd8b679891283b2db66fc6a8f99,2026-08-18 16:47:51.418590,,
ipa,128,home_addr_line2,character varying(200),YES,NULL,,NO,,,,,NULL,NULL,c651f39caf2671e278c6cc4099d668a0a229ec1d443981dfd7dae30ba0206c76,2026-08-18 16:47:51.418590,,
ipa,129,home_addr_county,character varying(200),YES,NULL,,NO,,,,,NULL,NULL,67c96cb2f6c9bbbe052c4bd01d220b05b0b9a66fcdd65cdd3bec5c7e381a5e5d,2026-08-18 16:47:51.418590,,
ipa,130,education_addr_line2,character varying(200),YES,NULL,,NO,,,,,NULL,NULL,c90936ddc173ec0248817bfdd3ce1b7633d02fb54eb68ae0fffeb7f0d80cd1c2,2026-08-18 16:47:51.418590,,
ipa,131,education_addr_county,character varying(200),YES,NULL,,NO,,,,,NULL,NULL,460529e4753f3b2d0dd2c1ca7f58ed4a011a0e1b0116fbd35198c2d8adb0311b,2026-08-18 16:47:51.418590,,
ipa,138,created_by,character varying(150),YES,NULL,,NO,,,,,NULL,NULL,4f2eea704758c226d81ac75a86f410a02aa962e1b036938802c0fbaaf9ad26d3,2026-08-18 16:47:51.418590,,
ipa,139,updated_by,character varying(150),YES,NULL,,NO,,,,,NULL,NULL,1d1de7e891ad6e18622780fbe8a21153f1dead5026959f5e3d3ab911a7198f43,2026-08-18 16:47:51.418590,,
ipa,140,status,character varying(100),YES,NULL,,NO,,,,,NULL,NULL,29946dd6ca713f282064225921650b5810521925c4a24481d610fbd57ce4804a,2026-08-18 16:47:51.418590,,
ipa,141,signed_by_local_authority,boolean,NO,FALSE,,NO,,,,,NULL,NULL,26c94ec19412357da816111bf31718ea07adf3645781535b2ee71d3dbef7c63b,2026-08-18 16:47:51.418590,,
ipa,142,signed_datetime_for_local_authority,timestamp without time zone,YES,NULL,,NO,,,,,NULL,NULL,37e3ca769b5bb56e0c7f0e8a9fa970bd66233bd8adbce267d6fcfeeb1f9a968a,2026-08-18 16:47:51.418590,,
ipa,143,signed_by_provider_name,character varying(150),YES,NULL,,NO,,,,,NULL,NULL,c294d17575222d1763af1542f9bf3ff87a8cce19a7402b8646430990a7893017,2026-08-18 16:47:51.418590,,
ipa,144,signed_datetime_for_provider,timestamp without time zone,YES,NULL,,NO,,,,,NULL,NULL,7041a86564533511a674d7192cdeb032e5903dd107ff3c7551c4c70b0327295a,2026-08-18 16:47:51.418590,,
ipa,145,signed_by_local_authority_name,character varying(150),YES,NULL,,NO,,,,,NULL,NULL,bf8ea1c497699c6e6a9a4647a17cd408020aed201a25e269ed629266d088d5ca,2026-08-18 16:47:51.418590,,
ipa,146,can_sign_name,character varying(150),YES,NULL,,NO,,,,,NULL,NULL,e53eb5f8fb4aa4c47eae5f9c9b1fae997fe15b1650c2cb1750acc88d8734178c,2026-08-18 16:47:51.418590,,
ipa,147,can_sign_date,timestamp without time zone,YES,NULL,,NO,,,,,NULL,NULL,aac8ab385092e13f6247dbdcf186902f021a281d3cc15d1c0136afb52cffb3be,2026-08-18 16:47:51.418590,,
ipa,148,can_sign,boolean,NO,FALSE,,NO,,,,,NULL,NULL,597432bc371baeaf4cc9afa169a669064416cd986e566b156b004e5b8c90985c,2026-08-18 16:47:51.418590,,
ipa,149,closed,boolean,NO,FALSE,,NO,,,,,NULL,NULL,448d317993e93bfd0a3dd7ce64dbb7b507cdd3593ef6727e845f6a953c3e4c9a,2026-08-18 16:47:51.418590,,
ipa,150,closed_datetime,timestamp without time zone,YES,NULL,,NO,,,,,NULL,NULL,34c3d65a2960ca78d901e12622bc8db431dc63f7cc8b027e2aef8be282355006,2026-08-18 16:47:51.418590,,
ipa,151,signed_by_provider,boolean,NO,FALSE,,NO,,,,,NULL,NULL,6cdd397c71a81460c5a96ae498e5d4001e37be4876b6365f4e41ac7ab1610a9b,2026-08-18 16:47:51.418590,,
ipa,152,provider_id,uuid,YES,NULL,,NO,,,,,NULL,NULL,92d5c268621a7aad174bccd3dca0d4f7da257a993106d34a54ab696c5b635100,2026-08-18 16:47:51.418590,,
ipa,153,export_date,timestamp without time zone,YES,NULL,,NO,,,,,Source export timestamp carried into Silver for lineage and point-in-time reporting,NULL,5aa9030f191f1a77f24c2f01c612b0bede9cb777ab21eab632087d567524b1b2,2026-08-18 16:47:51.418590,,
ipa_additional_fee,1,additional_fee_id,uuid,NO,generate_ulid(),additional_fee_pkey,YES,,,,,NULL,NULL,f4779c302e37b68b3e5417a3c0f7c557c5c6aa78f2db4be909ea83f8beaab895,2026-08-18 16:47:51.418590,,
ipa_additional_fee,2,ipa_id,uuid,NO,NULL,,NO,fk_additional_fee_ipa,ipa,ipa,ipa_id,NULL,NULL,e374f31676d41288efc5b521c2485e2a2a06aae8b2ab1b5ef7435862371f65d5,2026-08-18 16:47:51.418590,,
ipa_additional_fee,3,title,character varying(300),NO,NULL,,NO,,,,,NULL,NULL,fb7eef3f0356a97af3fbb34a55090045606c702ffa75f88207fc1ec8aae1aa7b,2026-08-18 16:47:51.418590,,
ipa_additional_fee,4,fee_type,character varying(200),NO,NULL,,NO,,,,,NULL,NULL,66c4e88338a7686e903aea9a7c2de3aacc132d7db766f576bd8dd2c0b7d792ff,2026-08-18 16:47:51.418590,,
ipa_additional_fee,5,one_off_fee,"numeric(19,2)",YES,NULL,,NO,,,,,NULL,NULL,6684a04d16b2e5d20561c485f5e0263ee6fa389357202337cb142d402b10681e,2026-08-18 16:47:51.418590,,
ipa_additional_fee,6,total,"numeric(19,2)",YES,NULL,,NO,,,,,NULL,NULL,ae48a05cc3919406083bcfa51d2b24761ab00edc606f822e1a3d5fe1185db5a4,2026-08-18 16:47:51.418590,,
ipa_additional_fee,7,review_date,date,YES,NULL,,NO,,,,,NULL,NULL,506c28c5cdb8c16dc595cab63b0b4f4f4f8d5e8410aa788d8cb8911ff4cbce26,2026-08-18 16:47:51.418590,,
ipa_additional_fee,8,end_date,date,YES,NULL,,NO,,,,,NULL,NULL,cc7e1d7b3a22802327123327924e22d58bc1a856a7d72e816edea0e380496254,2026-08-18 16:47:51.418590,,
ipa_additional_fee,9,created_at,timestamp with time zone,NO,NULL,,NO,,,,,NULL,NULL,2a726197ce9370e4e61d524f90663a5f689c0ff6d5def02238afcba48ecc436d,2026-08-18 16:47:51.418590,,
ipa_additional_fee,10,updated_at,timestamp with time zone,YES,NULL,,NO,,,,,NULL,NULL,0326ccfe92acc090f1f1969c3b76ba993095ceb260f33a49e72836d440825999,2026-08-18 16:47:51.418590,,
ipa_additional_fee,11,export_date,timestamp without time zone,YES,NULL,,NO,,,,,Source export timestamp carried into Silver for lineage and point-in-time reporting,NULL,a13661976d71874a08c0b21fa3732c5620b3f2bee16ba02607deb971ff65d03b,2026-08-18 16:47:51.418590,,
ipa_child,1,ipa_child_id,uuid,NO,generate_ulid(),ipa_child_pkey,YES,,,,,NULL,NULL,fd644892ce6eebafb3fbddc1c9a902be243cef3cac79dae98dbc09cae3659efa,2026-08-18 16:47:51.418590,,
ipa_child,2,ipa_id,uuid,NO,NULL,,NO,fk_ipa_child_ipa,ipa,ipa,ipa_id,NULL,NULL,aff2ebbb57feb866e40cad6c9be9ff1eff466f22edfb5a1f6d4c6a8aa2831405,2026-08-18 16:47:51.418590,,
ipa_child,3,child_full_name,character varying(150),NO,NULL,,NO,,,,,NULL,NULL,1b50e09d5ce09a77b886b2376eb1b7af69bede28915680ee540839e0f14f9fec,2026-08-18 16:47:51.418590,,
ipa_child,4,child_known_as,character varying(150),YES,NULL,,NO,,,,,NULL,NULL,b1326dbe8978d58a0df36dd33bdc47bc7526173ebbc72e2111fd5ca70d5e504b,2026-08-18 16:47:51.418590,,
ipa_child,5,child_date_of_birth,date,YES,NULL,,NO,,,,,NULL,NULL,66c57eb2b625e2049fe9354720b1452b1bfac368f18c8886f9b1cb7834fa1574,2026-08-18 16:47:51.418590,,
ipa_child,6,child_age_years,integer,NO,NULL,,NO,,,,,NULL,NULL,f47d83aa5d3db4fbfb5b0db99b2c89f342094d34632b5852fd517b920b01060a,2026-08-18 16:47:51.418590,,
ipa_child,7,child_gender,character varying(40),YES,NULL,,NO,,,,,NULL,NULL,63baf3f26c940c058e20f33b3b5f175d66bcffdd02979d21c8ff5acdf14f8533,2026-08-18 16:47:51.418590,,
ipa_child,8,child_ethnicity,character varying(100),YES,NULL,,NO,,,,,NULL,NULL,b8f44564ab41bc59b11f9beb954b86aadddb6a3d1fc7839dbf9a6bfae4b80acc,2026-08-18 16:47:51.418590,,
ipa_child,9,child_preferred_language,character varying(80),YES,NULL,,NO,,,,,NULL,NULL,f15e3f28eade82bf791567544afdc702f701351f5f116c21998deba4b173af00,2026-08-18 16:47:51.418590,,
ipa_child,10,child_religion,character varying(80),YES,NULL,,NO,,,,,NULL,NULL,7eaa2f2bc14f74311e55861e388c45abe4393b6df1e42d5604bb5a62cbc8c5be,2026-08-18 16:47:51.418590,,
ipa_child,11,child_legal_status,character varying(100),NO,NULL,,NO,,,,,NULL,NULL,b45a0c9a5b18b8796e5957af8dd55b78102637a31e070b2ac64203a6b090ef7a,2026-08-18 16:47:51.418590,,
ipa_child,12,child_reference_number,character varying(50),YES,NULL,,NO,,,,,NULL,NULL,6b493224687904f75637d3eaef7d2853175dce0ab4f718760de26fd36cc3d8ed,2026-08-18 16:47:51.418590,,
ipa_child,13,child_support_needs_other_text,character varying(150),YES,NULL,,NO,,,,,NULL,NULL,d9f8e14aa14aab05831a2550f10e80c2f5a7081e304db1704bad8a723a1b174b,2026-08-18 16:47:51.418590,,
ipa_child,15,expected_destination_after_placement,character varying(120),YES,NULL,,NO,,,,,NULL,NULL,31a1ee78680e6ee00f0ce13f2172551cd633a0272083f34e68fc8fe3a5ac48b1,2026-08-18 16:47:51.418590,,
ipa_child,16,expected_destination_other_text,character varying(3000),YES,NULL,,NO,,,,,NULL,NULL,cfcf0b40eaf5b68f52883d0af5dc6927a8a869924e030767f0054df1ea367d79,2026-08-18 16:47:51.418590,,
ipa_child,17,export_date,timestamp without time zone,YES,NULL,,NO,,,,,Source export timestamp carried into Silver for lineage and point-in-time reporting,NULL,a190b2a0fed4385f972c622e3f0fdc4a80661623c8de35c6eb47ec90332f4aa8,2026-08-18 16:47:51.418590,,
ipa_child_support_needs,1,ipa_child_id,uuid,NO,NULL,ipa_child_support_needs_pkey,YES,fk_ipa_child_support_needs_child,ipa,ipa_child,ipa_child_id,IPA child identifier,Support needs recorded for an IPA child,a51436193a7fe9c159675d6796a806cc8ae8c2d997f1bc9e6fbb3dd4dd55fdc2,2026-08-18 16:47:51.418590,,
ipa_child_support_needs,2,support_need,character varying(100),NO,NULL,ipa_child_support_needs_pkey,YES,,,,,Controlled support-need value,Support needs recorded for an IPA child,a74f3375d74e914826ddae8c9430c6d2ea075d4c64b6f56c63a81024e7e610d0,2026-08-18 16:47:51.418590,,
ipa_child_support_needs,3,export_date,timestamp without time zone,YES,NULL,,NO,,,,,Source export timestamp carried into Silver for lineage and point-in-time reporting,Support needs recorded for an IPA child,daa0aee99ed4d82bdd2ec4b59fe29810bb18ae2eb29e698c77dad2551cecfc1e,2026-08-18 16:47:51.418590,,
offer,1,offer_id,uuid,NO,NULL,pk_offer,YES,,,,,Auto Generated Unique Primary Key,Holds key information regarding the offer as created by the provider,858deecd55292d3c4df9bc0e1074a5a6b008ec1424420f3361ad5aa3762f19d9,2026-08-18 16:47:51.418590,,
offer,2,referral_provider_id,uuid,NO,NULL,,NO,fk_referral_provider,referral,referral_provider,referral_provider_id,FK to Referral Provider entity,Holds key information regarding the offer as created by the provider,be641f740d40e2fa45f32a0382a157be585f6f1b12f257b4e219640aa076d661,2026-08-18 16:47:51.418590,,
offer,3,offer_status,character varying(50),NO,NULL,,NO,,,,,Status of the Offer,Holds key information regarding the offer as created by the provider,b95e5f2a368d46fb3679cbaaf04136b9fff8e1df96ecc0c1f1ab5179b95f8fc2,2026-08-18 16:47:51.418590,,
offer,4,provider_home_id,uuid,NO,NULL,,NO,,,,,FK to Provider Home entity,Holds key information regarding the offer as created by the provider,0c8eff741d47708fe616cea66d7b75871db18e87ad3a4bec35082810bb245777,2026-08-18 16:47:51.418590,,
offer,5,id_number,character varying(100),NO,NULL,,NO,,,,,Offer identifier,Holds key information regarding the offer as created by the provider,d979982d3e49040fe8c5e914b2d553d2348a55c5a80da7f542d0b77867b317c1,2026-08-18 16:47:51.418590,,
offer,6,category,integer,YES,NULL,,NO,,,,,category under which offer is made,Holds key information regarding the offer as created by the provider,7d7d4a87aaba1015fcec2bd122804a0c1d624a865aa5ee0328ca108fe4035e47,2026-08-18 16:47:51.418590,,
offer,7,estimated_start_date,date,YES,NULL,,NO,,,,,Start date of the offer,Holds key information regarding the offer as created by the provider,ee5edcde5a4b7ff619a9278132339ee3d09f013dd0223af644afc36bed0b0513,2026-08-18 16:47:51.418590,,
offer,8,core_weekly_fee,"numeric(6,2)",YES,NULL,,NO,,,,,Core weekly fee of offer ,Holds key information regarding the offer as created by the provider,6a2ab0bd848797fd75e0e08ff8111be21ffd738af50c247b0ff63b611b4994b7,2026-08-18 16:47:51.418590,,
offer,9,includes_education,boolean,YES,NULL,,NO,,,,,Education included or excluded in offer,Holds key information regarding the offer as created by the provider,51001ea960c57db9a28b914f267be993881e71db20c7b9b489dc62110dceaa51,2026-08-18 16:47:51.418590,,
offer,10,education_weekly_fee,"numeric(6,2)",YES,NULL,,NO,,,,,weekly education fee,Holds key information regarding the offer as created by the provider,4a780e97b9b3e407facbd546f4a5685a8a1c2870cc04b0aadd0084beaa89bc6d,2026-08-18 16:47:51.418590,,
offer,11,child_summary_needs,text,YES,NULL,,NO,,,,,child needs summary,Holds key information regarding the offer as created by the provider,dd71058de18ae8c18f42d1303ec25803ace618dfd721844c47dd45dc1c72893f,2026-08-18 16:47:51.418590,,
offer,12,offer_date,timestamp without time zone,YES,now(),,NO,,,,,NULL,Holds key information regarding the offer as created by the provider,daa912076d002b80bc10deb667a0e2137ce4e5a11cd3fea015e925b6966050d2,2026-08-18 16:47:51.418590,,
offer,13,last_modified_date,timestamp without time zone,YES,NULL,,NO,,,,,NULL,Holds key information regarding the offer as created by the provider,4aedb9b54d5021f3d3fcf8ba0505e6d84f866830129c1c86a1d7b3316719cebe,2026-08-18 16:47:51.418590,,
offer,14,decline_reason_other,character varying(50),YES,NULL,,NO,,,,,NULL,Holds key information regarding the offer as created by the provider,c1575a9331d8217dce7669f21f90da053bc2698f987a270fcb751689f5507a6b,2026-08-18 16:47:51.418590,,
offer,15,decline_reason,character varying(500),YES,NULL,,NO,,,,,NULL,Holds key information regarding the offer as created by the provider,55b8a6a2f42e8bb0f73156bf81ea680c147658d78495910c2f3a21a13a622a1c,2026-08-18 16:47:51.418590,,
offer,16,can_edit_offer,boolean,YES,FALSE,,NO,,,,,NULL,Holds key information regarding the offer as created by the provider,09fc07d0a952779b28288eac2073994452a7c6eab4fd88f2e07160c2206f5aa1,2026-08-18 16:47:51.418590,,
offer,17,withdraw_reason,character varying(500),YES,NULL,,NO,,,,,NULL,Holds key information regarding the offer as created by the provider,874e277cfd5eeeaa14a19f3b968dedfdb1158e830c6830c65b8e6116d76b1157,2026-08-18 16:47:51.418590,,
offer,19,offer_type,character varying(50),YES,NULL,,NO,,,,,NULL,Holds key information regarding the offer as created by the provider,57aaf3f5de361906bad9823f6c577aa9d29b5399b510e9d282a0194d603b193d,2026-08-18 16:47:51.418590,,
offer,20,category_code,character varying(100),YES,NULL::character varying,,NO,,,,,NULL,Holds key information regarding the offer as created by the provider,ed3dafdf7d054fb22f31e23c044d58f0d6ad51524263bbb89f226ec7b4cdf714,2026-08-18 16:47:51.418590,,
offer,21,export_date,timestamp without time zone,YES,NULL,,NO,,,,,Source export timestamp carried into Silver for lineage and point-in-time reporting,Holds key information regarding the offer as created by the provider,7a99e100db1667173a0a175d51dd55ee1ad73b2396784c4b3c2b78382fb63eeb,2026-08-18 16:47:51.418590,,
offer_updates,1,offer_update_id,uuid,NO,NULL,offer_updates_pkey,YES,,,,,NULL,NULL,9f3c7b8ac9fa354c42f567ca868d1cabb7bab9f0779766506251e39dee3f12f7,2026-08-18 16:47:51.418590,,
offer_updates,2,offer_id,uuid,YES,NULL,,NO,offer_updates_offer_id_fkey,offer,offer,offer_id,NULL,NULL,e869b07176ac95e43017c5c3e81ac2cf7304e1e1270e9fa741f690a9505b5b22,2026-08-18 16:47:51.418590,,
offer_updates,3,offer_updates_requested,boolean,YES,FALSE,,NO,,,,,NULL,NULL,6db5fae399bd69ee8b0804b0725777e16ecd484707d1f9dfada5b3cbe20adda6,2026-08-18 16:47:51.418590,,
offer_updates,4,message_id,uuid,YES,NULL,,NO,offer_updates_message_id_fkey,referral,referral_provider_message,message_id,NULL,NULL,6e7b6c42b4fd759c5786b0c37e83e69614f9416d2c71d497d0a3e7e30e493b5b,2026-08-18 16:47:51.418590,,
offer_updates,5,offer_updates_requested_at,timestamp without time zone,YES,now(),,NO,,,,,NULL,NULL,d7aa466daee5fd76af21d5966e67260a6842cb10a7e0f8ce2e418647f806181a,2026-08-18 16:47:51.418590,,
offer_updates,6,export_date,timestamp without time zone,YES,NULL,,NO,,,,,Source export timestamp carried into Silver for lineage and point-in-time reporting,NULL,b78c391df54150d74ce6d918853348a98d638be47fccda5c51ad5aa48dd2f74c,2026-08-18 16:47:51.418590,,
offer_view_history,1,offer_view_id,uuid,NO,NULL,offer_view_history_pkey,YES,,,,,NULL,NULL,adbae941919bce5e4c715d2e819974971ead530c604144c870f99e005b3acfba,2026-08-18 16:47:51.418590,,
offer_view_history,2,offer_id,uuid,NO,NULL,,NO,offer_view_history_offer_id_fkey,offer,offer,offer_id,NULL,NULL,47b8b86a691197aca94700c7ef2d0244f22922cee872c7b05a6e121f5dea3fa0,2026-08-18 16:47:51.418590,,
offer_view_history,3,offer_viewed_by,uuid,NO,NULL,,NO,,,,,NULL,NULL,230582a1c740cc4d97b197c0f884d8c43a25dddab3ed8200348d35bbbc55e658,2026-08-18 16:47:51.418590,,
offer_view_history,4,offer_viewed_at,timestamp without time zone,YES,now(),,NO,,,,,NULL,NULL,f00ae5ef02a8b77c804898ca45cd03e66ed1b4e6c04baf091540fa5a112f7de7,2026-08-18 16:47:51.418590,,
offer_view_history,5,export_date,timestamp without time zone,YES,NULL,,NO,,,,,Source export timestamp carried into Silver for lineage and point-in-time reporting,NULL,0c374f06c3dc4a0f17b9f9ae0f1548c34a973b57c1569f4cbab3037bb76fdbaf,2026-08-18 16:47:51.418590,,
provider,1,provider_id,uuid,NO,NULL,pk_provider,YES,,,,,Unique ID of the Provider,This provider entity all key information regarding the provider,ddb145391a6bef029203cf6f579577889c80864cefa45b0282ed38acc4890947,2026-08-18 16:47:51.418590,,
provider,2,holding_company_id,uuid,NO,NULL,,NO,fk_provider_holding_company,provider,holding_company,holding_company_id,Foreign Key to parent company if the provider has one,This provider entity all key information regarding the provider,7b5b36abcf539aad11189f06803e300aebfc4a98df71aecbe15db275a9384475,2026-08-18 16:47:51.418590,,
provider,3,provider_name,character varying(100),NO,NULL,,NO,,,,,Full name of the provider,This provider entity all key information regarding the provider,f449901e255aa5e47ad2948f86a629410e8cf0ec5d135ecae81324ddde9460e4,2026-08-18 16:47:51.418590,,
provider,4,address_line_1,character varying(100),NO,NULL,,NO,,,,,"This should contain the primary address information, typically the house number and street name",This provider entity all key information regarding the provider,b53c9c389c0165a401b60e1064061efbafcaf46804b6d2eee7b5635b55558191,2026-08-18 16:47:51.418590,,
provider,5,address_line_2,character varying(100),YES,NULL,,NO,,,,,"This is for additional address details if necessary, such as the apartment or suite number",This provider entity all key information regarding the provider,920196f58b5e9d5f7768ea0de1af377960c04476bd844b77bee3929e80bd3fd7,2026-08-18 16:47:51.418590,,
provider,6,town_city,character varying(100),YES,NULL,,NO,,,,,The name of the town or city,This provider entity all key information regarding the provider,967584e63d7fbbcfb74dc3896245c76f3fde741a4b99dcd8705f1cf2d2264721,2026-08-18 16:47:51.418590,,
provider,7,county,character varying(100),YES,NULL,,NO,,,,,"While not always necessary, especially for larger cities, the county can be included for clarity",This provider entity all key information regarding the provider,8006089c6b553e72571cc73918cdcff15a206458357a7b49b3c54bf101657e4e,2026-08-18 16:47:51.418590,,
provider,8,postcode,character varying(20),NO,NULL,,NO,,,,,"The UK postcode is a crucial element of the address, used to identify the precise location for mail delivery.",This provider entity all key information regarding the provider,4beb7feba59f0c94a3a99dc9d88b4ed9a066d6535cce04988c587393a50d0787,2026-08-18 16:47:51.418590,,
provider,9,country,character varying(100),YES,NULL,,NO,,,,,"If the address is being used in an international context, specifying 'United Kingdom' is important.",This provider entity all key information regarding the provider,8905f5702d297e61f9c5b7316bdd09e28b071979b140c0aede0f985dd25d09fe,2026-08-18 16:47:51.418590,,
provider,10,provider_status,character varying(9),NO,NULL,,NO,,,,,"The current status of the provider. 

Details TBA

EG: 
Approved
Pending
Declined",This provider entity all key information regarding the provider,427a0c6c0d91fc4b834e418cf33ffbc394a84fcc7312723255565125396f916b,2026-08-18 16:47:51.418590,,
provider,11,provider_email_address,character varying(100),YES,NULL,,NO,,,,,Provider contact details: Email Address,This provider entity all key information regarding the provider,5011179c514ab14c35a8afce53b2837aad05851e1aa462e720586d9a153d86c5,2026-08-18 16:47:51.418590,,
provider,12,provider_phone_number,character varying(20),YES,NULL,,NO,,,,,Provider contact details: phone number,This provider entity all key information regarding the provider,d66308fd085aef743e09a93b20885cf13ec323541010019540a3a3048563a52e,2026-08-18 16:47:51.418590,,
provider,13,last_regulating_body_inspection_date,date,YES,NULL,,NO,,,,,Date of last full inspection by Regulating Body,This provider entity all key information regarding the provider,fb771b8fcdc21e04b8bc1d8f8f5294bc45448b0ad37fa6f831ec2009020e31e2,2026-08-18 16:47:51.418590,,
provider,14,regulatory_body_registration_reference,character varying(100),YES,NULL,,NO,,,,,Regulatory Body Registration code,This provider entity all key information regarding the provider,b5b285932f940df651ac60cd25a6fbe691ccd0be8413e54d0866dcb91a1d3829,2026-08-18 16:47:51.418590,,
provider,15,inspection_outcome_rating,character varying(100),YES,NULL,,NO,,,,,The rating of the last inspection,This provider entity all key information regarding the provider,e72c2219c53fba4780a62feaf6d8bc0d59cc322d0df312ad4190ee4f06563f7e,2026-08-18 16:47:51.418590,,
provider,16,responsible_individual_name,character varying(100),YES,NULL,,NO,,,,,This is the person's full name responsible for holding the regulatory body registration,This provider entity all key information regarding the provider,b8e57b94f168f4a69f38c7b6fbb67149e2ad2321ccaf8e5ca6e9118f8750a9ab,2026-08-18 16:47:51.418590,,
provider,17,responsible_individual_contact_number,character varying(20),YES,NULL,,NO,,,,,This is the person's contact telephone number responsible for holding the regulatory body registration,This provider entity all key information regarding the provider,22ae4ab4fb86e43be7abefa186ce970b866f7dbf5d175ecc16cdabaf7cad2c0f,2026-08-18 16:47:51.418590,,
provider,18,responsible_individual_email_address,character varying(100),YES,NULL,,NO,,,,,This is the person's contact email address responsible for holding the regulatory body registration,This provider entity all key information regarding the provider,16b12b9e1fed74baff43e8bee5805ea0a2aa45e8800ffd52b58e6108eb4fcb74,2026-08-18 16:47:51.418590,,
provider,19,registrant_name,character varying(100),YES,NULL,,NO,,,,,Individual person's full name registering the provider onto the portal,This provider entity all key information regarding the provider,3260e18064b7a47120b3addf694355e01ef4b87dad2ad75352bdebe2b248275c,2026-08-18 16:47:51.418590,,
provider,20,registrant_role,character varying(100),YES,NULL,,NO,,,,,Individual person's role registering the provider onto the portal,This provider entity all key information regarding the provider,3ac743b0b437cd1968b27399352757ec5e4aa2755ca74cc2c04a20e518482de0,2026-08-18 16:47:51.418590,,
provider,21,registrant_email_address,character varying(100),YES,NULL,,NO,,,,,Individual person's email address registering the provider onto the portal,This provider entity all key information regarding the provider,b104f134258944cb65c9df65dfb9c924bade8a118710f57c499e21f080d55a6f,2026-08-18 16:47:51.418590,,
provider,22,registrant_contact_number,character varying(100),YES,NULL,,NO,,,,,Individual person's contact telephone registering the provider onto the portal,This provider entity all key information regarding the provider,47ad169b14a2e7e4adfeffdffd2b615fbe6f9679a31bc80135e67dc76fb1a073,2026-08-18 16:47:51.418590,,
provider,24,companies_house_registration_reference,character varying(100),YES,NULL,,NO,,,,,The unique registration code provided by companies house,This provider entity all key information regarding the provider,09a90f7552a2e5bb592a49ee6232d26ed787823695520ae3961bff59d03f5501,2026-08-18 16:47:51.418590,,
provider,25,national_contract_external_link,character varying(1000),YES,NULL,,NO,,,,,A web link to the national contracts held for this provider,This provider entity all key information regarding the provider,6b5fcaf819235cfe2ead2afa9a4588e8df14ede9c5eb757c147bd0b9b24752f1,2026-08-18 16:47:51.418590,,
provider,26,created_by,character varying(100),NO,NULL,,NO,,,,,The system user that created this record,This provider entity all key information regarding the provider,f6f9e6907b96c9c157de319a0b37a14ebd7b7223af42896b96e6fa3a93545875,2026-08-18 16:47:51.418590,,
provider,27,modified_by,character varying(100),YES,NULL,,NO,,,,,The system user that last modified this record,This provider entity all key information regarding the provider,cad203a09f49ed33c739f3a13677ad5f0f7081a78d35952b7ca4ad9b6b799fb0,2026-08-18 16:47:51.418590,,
provider,28,created_timestamp,timestamp without time zone,NO,now(),,NO,,,,,Date/Time the Provider was created on the system,This provider entity all key information regarding the provider,c5f1625c38536a1e0af596b779a8e147a91effd0e0541d28c6dc5bc427cc17b7,2026-08-18 16:47:51.418590,,
provider,29,modified_timestamp,timestamp without time zone,YES,NULL,,NO,,,,,The date/time this record was last modified,This provider entity all key information regarding the provider,e5e39817c170e3b2b6951cac8f3a429a3edecb49950894d55066b5cc7b342c92,2026-08-18 16:47:51.418590,,
provider,32,qa_flag,boolean,YES,FALSE,,NO,,,,,Quality Assurance flag ,This provider entity all key information regarding the provider,f5a78a7585b1c9e5e77f9315986ae53360483485f0bd2762ed54780948f4a6a9,2026-08-18 16:47:51.418590,,
provider,33,qa_flag_fostering_spot,boolean,YES,FALSE,,NO,,,,,Quality Assurance flag ,This provider entity all key information regarding the provider,da3b3e355e0c54ed5bfcbd148eed5dd18b6a04bd655efb4a203f3b45e99d733d,2026-08-18 16:47:51.418590,,
provider,34,qa_flag_sup_acc,boolean,YES,FALSE,,NO,,,,,Quality Assurance flag for supported accommodation,This provider entity all key information regarding the provider,95e33aec5d69feae1623a1933f679c9702b61e573c41a33f3f8c86f60c77c693,2026-08-18 16:47:51.418590,,
provider,35,qa_flag_resi,boolean,YES,FALSE,,NO,,,,,Quality Assurance flag for residential,This provider entity all key information regarding the provider,a0db32905aca510fd35416f437fb7634a194bb49b319190b9a473d503191b09e,2026-08-18 16:47:51.418590,,
provider,36,export_date,timestamp without time zone,YES,NULL,,NO,,,,,Source export timestamp carried into Silver for lineage and point-in-time reporting,This provider entity all key information regarding the provider,286a78e52e0db498282f46744ed01822b72e17d4265720f7e895907adfcfbe68,2026-08-18 16:47:51.418590,,
provider_education_provision,1,provider_education_provision_id,uuid,NO,NULL,pk_provider_educational_provision,YES,,,,,NULL,NULL,0e4154ab5efe3fc25d620a80995eee564cdb7b65afdb0de6b44cf6853953c53d,2026-08-18 16:47:51.418590,,
provider_education_provision,2,provider_id,uuid,NO,NULL,,NO,trial_provider_education_provision_provider_id,provider,provider,provider_id,NULL,NULL,f26f8b5390104a56125646891e5096840e1f5c397602f4738cd2ca38049b4fd4,2026-08-18 16:47:51.418590,,
provider_education_provision,3,provider_home_id,uuid,NO,NULL,,NO,fk_provider_education_provision_provider_home,provider,provider_home,provider_home_id,NULL,NULL,b7a48960536137ba7fbafd0c4dad5eaa0ed1c8737218d51694427a9f5ee5ce7b,2026-08-18 16:47:51.418590,,
provider_education_provision,4,education_privision_name,character varying(100),YES,NULL,,NO,,,,,The name of the school,NULL,aff6b8b2e8458de2aab52c6ff155c75dd298ea534b344934ae54a5c2582f08b2,2026-08-18 16:47:51.418590,,
provider_education_provision,5,education_provision_type,character varying(100),NO,NULL,,NO,,,,,"FK to reference data - ProviderEducationProvisionType

eg:

Independent school day placement
Independent school residential
Non-maintained special school setting day placement
Non-maintained special school setting residential
Other Independent Special School
Other Independent School
Free School Special
Non-Maintained Early Year settings
Special Post 16",NULL,88c5f54f40c03ffe09b9537991b6f2a993b1690ad4e69bef816275c7c145d593,2026-08-18 16:47:51.418590,,
provider_education_provision,6,address_line_1,character varying(100),NO,NULL,,NO,,,,,"This should contain the primary address information, typically the house number and street name",NULL,ce2e257264d73e3dea53ff805c2d7c5f4d21c38fceccdf1e611d383b834e4e39,2026-08-18 16:47:51.418590,,
provider_education_provision,7,address_line_2,character varying(100),YES,NULL,,NO,,,,,"This is for additional address details if necessary, such as the apartment or suite number",NULL,83aae15b64fe92526031c45bdf69da8b1decdde5fda3dc51c35ea83ba840593d,2026-08-18 16:47:51.418590,,
provider_education_provision,8,town_city,character varying(100),YES,NULL,,NO,,,,,The name of the town or city,NULL,a4a273928b6cc184570d3de57ff050684f8f9aba08932bb58d2fc9164ee2e994,2026-08-18 16:47:51.418590,,
provider_education_provision,9,county,character varying(100),YES,NULL,,NO,,,,,"While not always necessary, especially for larger cities, the county can be included for clarity",NULL,77bd118cf887d9543ecfa388fba83f501a2927108ca9efc2ccafc7883e913140,2026-08-18 16:47:51.418590,,
provider_education_provision,10,postcode,character varying(20),NO,NULL,,NO,,,,,"The UK postcode is a crucial element of the address, used to identify the precise location for mail delivery.",NULL,0f8f00f30071bd6ea8286614d4fb0127f734651e5359be5cf7083f9f333502ef,2026-08-18 16:47:51.418590,,
provider_education_provision,11,country,character varying(100),YES,NULL,,NO,,,,,"If the address is being used in an international context, specifying 'United Kingdom' is important.",NULL,6e1a47dd2b0fa56f8882b6d1fa40c50687cc27b62006c6cba697476db7b90bd2,2026-08-18 16:47:51.418590,,
provider_education_provision,12,contact_name,character varying(100),NO,NULL,,NO,,,,,eg: Head of School,NULL,52c06b43c6d547abf2dcb65978a581f8fe3984585eb266176408cdbc0770989b,2026-08-18 16:47:51.418590,,
provider_education_provision,13,contact_number,character varying(100),YES,NULL,,NO,,,,,Main contact telephone number,NULL,c01ce0191b70e485d606de6c4d112da6e5b363e0c087a2b09af752b594bec2d9,2026-08-18 16:47:51.418590,,
provider_education_provision,14,contact_email_address,character varying(100),YES,NULL,,NO,,,,,Main contact email address,NULL,7ea075e9ae6982334c35835bf81200c6a7ab54c5a868bcdd8e1145cb4e55c9b6,2026-08-18 16:47:51.418590,,
provider_education_provision,15,last_regulating_body_inspection_date,date,YES,NULL,,NO,,,,,Date of last full inspection by Regulating Body,NULL,92637d4efc900ba4172ce96aa62c0c992bd882db2f771628ad4d821439a38930,2026-08-18 16:47:51.418590,,
provider_education_provision,16,regulatory_body_registration_reference,character varying(100),YES,NULL,,NO,,,,,Regulatory Body Registration code,NULL,8daad4e39ea30ae2e8f5004de84541b266c708f091e281ad8b80f380dd0b3705,2026-08-18 16:47:51.418590,,
provider_education_provision,17,inspection_outcome_rating,character varying(100),YES,NULL,,NO,,,,,The rating of the last inspection,NULL,9ed3686661d20028b78b8a67819afc494252ac54b2dfe0022af07fc84bdad855,2026-08-18 16:47:51.418590,,
provider_education_provision,18,created_by,character varying(100),NO,NULL,,NO,,,,,The system user that created this record,NULL,76cc2eb9c707a4a3dfc51bfe3e1b1fa0b82b70644c91b38d131243f38eff44e3,2026-08-18 16:47:51.418590,,
provider_education_provision,20,created_timestamp,timestamp without time zone,NO,now(),,NO,,,,,Date/Time the reocrd was created on the system,NULL,8e39431545070cb37aeb03c99dd3cbccfacf2776c0ea66ed86049113cd23be10,2026-08-18 16:47:51.418590,,
provider_education_provision,21,modified_timestamp,timestamp without time zone,YES,NULL,,NO,,,,,The date/time this record was last modified,NULL,cc1503ad1f541c55abb042876f0600d5d02360d8bb5c43d0bd198cab3c65c2ee,2026-08-18 16:47:51.418590,,
provider_education_provision,22,export_date,timestamp without time zone,YES,NULL,,NO,,,,,Source export timestamp carried into Silver for lineage and point-in-time reporting,NULL,a2df6cb0bcacfa4fc17020909334197543b78b8a56dbe985f70d3706c09320fb,2026-08-18 16:47:51.418590,,
provider_framework,1,provider_framework_id,bigint,NO,nextval('provider.provider_framework_provider_framework_id_seq'::regclass),pk_provider_framework,YES,,,,,Auto Generated Unique Primary Key,Entity that links providers to frameworks,081957a7eb169fe592839a60762c257bc77ed830c192ace132211aa5963380a7,2026-08-18 16:47:51.418590,,
provider_framework,2,provider_id,uuid,NO,NULL,,NO,fk_provider_framework_provider,provider,provider,provider_id,Unique ID of the Provider,Entity that links providers to frameworks,67a9b4d68097cba650135272b4ae9513a182c530a33205977b37f218584e4585,2026-08-18 16:47:51.418590,,
provider_framework,3,framework_code,character varying(10),NO,NULL,,NO,fk_provider_framework_framework,framework,framework,framework_code,Unique ID of the Framework,Entity that links providers to frameworks,3db1651ce7558d4d974bd1e54729ce75322d50c284f2b83142b3c21fc1a755f1,2026-08-18 16:47:51.418590,,
provider_framework,4,qa_flag,boolean,YES,FALSE,,NO,,,,,Quality Assurance flag ,Entity that links providers to frameworks,c34849e5267bf2d0bd5178e820419b3394d25dcc45a0bba014ffe118795c2587,2026-08-18 16:47:51.418590,,
provider_framework,5,export_date,timestamp without time zone,YES,NULL,,NO,,,,,Source export timestamp carried into Silver for lineage and point-in-time reporting,Entity that links providers to frameworks,c3248c71918df93456c975168cf19e2bd864b6ce4cc8a662dc046ed34530b6a3,2026-08-18 16:47:51.418590,,
provider_home,1,provider_home_id,uuid,NO,NULL,pk_home_id,YES,,,,,Unique identifier for Home,Home entity that holds all data related to a provider home,4e90b53a4c58bdfcb8066c0cfed5c9bfb329f64a6fbb3ebae1b792caaa65e214,2026-08-18 16:47:51.418590,,
provider_home,2,provider_id,uuid,NO,NULL,,NO,fk_home_provider,provider,provider,provider_id,Unique ID of the Provider,Home entity that holds all data related to a provider home,b618998853caf0cfd784d489c820df3421910041102e093bf402827a2762fb50,2026-08-18 16:47:51.418590,,
provider_home,3,service_type,character varying(100),NO,NULL,,NO,,,,,Residential or Supported Accomodation,Home entity that holds all data related to a provider home,cc8d9c69c70f813c1d549535e16b47bcd106cbed947358cd53c02721e5d7415e,2026-08-18 16:47:51.418590,,
provider_home,4,home_name,character varying(100),NO,NULL,,NO,,,,,The name of the Home,Home entity that holds all data related to a provider home,83747b544b47f1b90d65ed99cf2b28a5272c6cca4c38f86d1ef5c9c98e30ce6c,2026-08-18 16:47:51.418590,,
provider_home,5,address_line_1,character varying(100),NO,NULL,,NO,,,,,"This should contain the primary address information, typically the house number and street name",Home entity that holds all data related to a provider home,d9619b26d2b9496ab93ef370c9eaacf1197466d527bfe835198a30cb55f827eb,2026-08-18 16:47:51.418590,,
provider_home,6,address_line_2,character varying(100),YES,NULL,,NO,,,,,"This is for additional address details if necessary, such as the apartment or suite number",Home entity that holds all data related to a provider home,c7626362cf28e9e672e256fe8bbc161385bdd488c62c60cc2289eba0f44f7700,2026-08-18 16:47:51.418590,,
provider_home,7,town_city,character varying(100),YES,NULL,,NO,,,,,The name of the town or city,Home entity that holds all data related to a provider home,b70da0abe12d3103e2ddfc56767ff457e56e50b7060cb4bd616431bb21bcf4ac,2026-08-18 16:47:51.418590,,
provider_home,8,county,character varying(100),YES,NULL,,NO,,,,,"While not always necessary, especially for larger cities, the county can be included for clarity",Home entity that holds all data related to a provider home,b48df3cb8114684e10f46b7f7406121e127d20a30e55b329d1ce9b036208f932,2026-08-18 16:47:51.418590,,
provider_home,9,postcode,character varying(20),NO,NULL,,NO,,,,,"The UK postcode is a crucial element of the address, used to identify the precise location for mail delivery.",Home entity that holds all data related to a provider home,13f58d0b4308ba2e83eb3f0ebdf045e83153fc0e1e5fc43b225d5746b97dfa9b,2026-08-18 16:47:51.418590,,
provider_home,10,country,character varying(100),YES,NULL,,NO,,,,,"If the address is being used in an international context, specifying 'United Kingdom' is important.",Home entity that holds all data related to a provider home,d75dda826733c2833383b76570576d42a275a1a84bc424d1599002cff5c1a2c4,2026-08-18 16:47:51.418590,,
provider_home,11,home_contact_number,character varying(100),YES,NULL,,NO,,,,,Home contact details: Phone number,Home entity that holds all data related to a provider home,fe842c8640ab02794e1648ac884c1a8cf7e000c40851f04e2ba4958885398431,2026-08-18 16:47:51.418590,,
provider_home,12,home_email_address,character varying(100),YES,NULL,,NO,,,,,Home contact details: Email Address,Home entity that holds all data related to a provider home,c86cc4c0aeb35f68cb3a5c9e5d1ffe8f4e8f06134f77a46e993cb232a5db7455,2026-08-18 16:47:51.418590,,
provider_home,13,registered_manager_name,character varying(100),YES,NULL,,NO,,,,,NULL,Home entity that holds all data related to a provider home,9482b2d791a1a8be5090282feca9105fa96c1928aeea7db998b4f20e8e8dd4f1,2026-08-18 16:47:51.418590,,
provider_home,14,registered_manager_contact_number,character varying(100),YES,NULL,,NO,,,,,NULL,Home entity that holds all data related to a provider home,648c8bb8d28fffa56121153d7e18cc37275fb2c51dc63f5f64d32d4d9a13bd79,2026-08-18 16:47:51.418590,,
provider_home,15,registered_manager_email_address,character varying(100),YES,NULL,,NO,,,,,NULL,Home entity that holds all data related to a provider home,6055ec2bf1c87e124306320a336b53164aeb9282779b8cf0a97428726ee56e10,2026-08-18 16:47:51.418590,,
provider_home,16,number_of_registered_beds,integer,YES,NULL,,NO,,,,,NULL,Home entity that holds all data related to a provider home,8a2b545118bcc0c10c81779c94f46e61bc915c1a9198e63c1611cc8861cd5ca2,2026-08-18 16:47:51.418590,,
provider_home,17,regulatory_body_registration_reference,character varying(100),YES,NULL,,NO,,,,,Regulatory Body Registration code,Home entity that holds all data related to a provider home,c6a3ccaf0abdd2108c754daf0fce9c1dbbcce0622dc9645911554703a1e68b1b,2026-08-18 16:47:51.418590,,
provider_home,18,last_regulating_body_inspection_date,date,YES,NULL,,NO,,,,,Date of last full inspection by Regulating Body,Home entity that holds all data related to a provider home,4b23170368ebfde94647bf97098f00a90d3e355c1c5da9fcf716be4e04af1b5b,2026-08-18 16:47:51.418590,,
provider_home,19,inspection_outcome_rating,character varying(100),YES,NULL,,NO,,,,,The rating of the last inspection,Home entity that holds all data related to a provider home,2da9592fdeb4f899006501f3bd577ad2fe91a8f5cc46df6a8b6f10050304d4b9,2026-08-18 16:47:51.418590,,
provider_home,20,created_by,character varying(100),NO,NULL,,NO,,,,,The system user that created this record,Home entity that holds all data related to a provider home,021a542b7fdfee62c2261aa952bc5d55bf5c8f07354d305781182abd06d95796,2026-08-18 16:47:51.418590,,
provider_home,21,modified_by,character varying(100),YES,NULL,,NO,,,,,The system user that last modified this record,Home entity that holds all data related to a provider home,6b46e180fe10789bc094a8a6e2066c4330755cfac2152d85a2aff7830558b0c9,2026-08-18 16:47:51.418590,,
provider_home,22,created_timestamp,timestamp without time zone,NO,now(),,NO,,,,,Date/Time the record was created on the system,Home entity that holds all data related to a provider home,2e537c404b6304e04f0fbb61fd44df94bed932e011a5da21ec3a9281e39cbbe6,2026-08-18 16:47:51.418590,,
provider_home,23,modified_timestamp,timestamp without time zone,YES,NULL,,NO,,,,,The date/time this record was last modified,Home entity that holds all data related to a provider home,a0de7a9034c87fd15c5271f1c9ce1735044ccdf107772cb1c8d44411ed3c5201,2026-08-18 16:47:51.418590,,
provider_home,24,is_spot,boolean,NO,FALSE,,NO,,,,,NULL,Home entity that holds all data related to a provider home,463eedb19a1f9fb3bc3a471cf187458f4739c3c26ced05c6c53a7eeaa544ac42,2026-08-18 16:47:51.418590,,
provider_home,31,qa_flag,boolean,YES,FALSE,,NO,,,,,Quality Assurance flag ,Home entity that holds all data related to a provider home,b495279638dd26a5d011d85374ddae1c06ad16e0ef7c00a0ce381015ad363a6e,2026-08-18 16:47:51.418590,,
provider_home,32,qa_flag_spot,boolean,YES,FALSE,,NO,,,,,Quality Assurance flag ,Home entity that holds all data related to a provider home,2be9a95dbcb75bea51d736b3ff3d8aecdde40717ffc563c3bcb7666eca0eb8db,2026-08-18 16:47:51.418590,,
provider_home,33,export_date,timestamp without time zone,YES,NULL,,NO,,,,,Source export timestamp carried into Silver for lineage and point-in-time reporting,Home entity that holds all data related to a provider home,9d41c7b7d72ba0c59be8beed9ec8773b2fb6e9a53471537893b41f3c17ade589,2026-08-18 16:47:51.418590,,
provider_home_age,1,provider_home_age_id,bigint,NO,nextval('provider.provider_home_age_provider_home_age_id_seq'::regclass),pk_provider_home_age,YES,,,,,Table Primary Key,Ages supported by a Home,cc95b735be7155d025b996bdb80173e830b39e73bc73e8deb02da5349037717d,2026-08-18 16:47:51.418590,,
provider_home_age,2,provider_home_id,uuid,NO,NULL,,NO,fk_provider_home_age_provider_home,provider,provider_home,provider_home_id,FK to Provider Home,Ages supported by a Home,e9397a5ebdbfb1161db873cea5f0bc9b1872b1ae4ca6ee1b52109b363ca7cdfb,2026-08-18 16:47:51.418590,,
provider_home_age,4,min_age,integer,YES,NULL,,NO,,,,,NULL,Ages supported by a Home,02a4821e366c8a0f538315fc22d19ca1650179ac09da5656942dbdb8fd608fbc,2026-08-18 16:47:51.418590,,
provider_home_age,5,max_age,integer,YES,NULL,,NO,,,,,NULL,Ages supported by a Home,1e0e0a88ef2962caaad6165c2a964b4fdcbcdb7f53662fbcb5da6edafcecedfc,2026-08-18 16:47:51.418590,,
provider_home_age,6,export_date,timestamp without time zone,YES,NULL,,NO,,,,,Source export timestamp carried into Silver for lineage and point-in-time reporting,Ages supported by a Home,25e5b35c7fe2e43ac313954026b09aca2f6af7cd7ec37747495611f489560def,2026-08-18 16:47:51.418590,,
provider_home_category,1,provider_home_category_id,bigint,NO,nextval('provider.provider_home_category_provider_home_category_id_seq'::regclass),pk_home_category,YES,,,,,NULL,Tihs entities links a Provider Home to a Framework Category,6072b93d44f9c5fd3a97b4f26ea4c92eea79a51f81f027b1789a67159e450cad,2026-08-18 16:47:51.418590,,
provider_home_category,2,framework_category_id,integer,NO,NULL,,NO,fk_provider_home_category_framework_category,framework,framework_category,framework_category_id,FK to Framework Category,Tihs entities links a Provider Home to a Framework Category,2feab0b6014cda1181f5dac381cf0f54f54b98bb23942cb82551be4ac5e1b1f6,2026-08-18 16:47:51.418590,,
provider_home_category,3,provider_home_id,uuid,NO,NULL,,NO,fk_provider_home_category_provider_home,provider,provider_home,provider_home_id,FK to Provider Home,Tihs entities links a Provider Home to a Framework Category,2d6aed48895abfecf08d3b3a6cae37720c93d7f8f58b4ea2f1837caabaca7b83,2026-08-18 16:47:51.418590,,
provider_home_category,4,export_date,timestamp without time zone,YES,NULL,,NO,,,,,Source export timestamp carried into Silver for lineage and point-in-time reporting,Tihs entities links a Provider Home to a Framework Category,1acf327494f00109b6289c4898519b4e08908333714ac55b6fa7accf1a7e807e,2026-08-18 16:47:51.418590,,
provider_home_gender,1,provider_home_gender_id,bigint,NO,nextval('provider.provider_home_gender_provider_home_gender_id_seq'::regclass),pk_provider_home_gender,YES,,,,,NULL,Genders supported by the Provider Home,8ea58bb40994bb5007b9f99d0f7057283a2d09caf8aefc9b7290fd900c5732e2,2026-08-18 16:47:51.418590,,
provider_home_gender,2,provider_home_id,uuid,NO,NULL,,NO,fk_provider_home_gender_provider_home,provider,provider_home,provider_home_id,FK to Provider Home,Genders supported by the Provider Home,7583be9dbeba01d1193e2fc1c3f6bafc498d5cd81d33f006a5c9faddd60673a4,2026-08-18 16:47:51.418590,,
provider_home_gender,3,supported_gender,character varying(80),NO,NULL,,NO,,,,,FK to Reference Data - GenderCode,Genders supported by the Provider Home,e77f61546da2ef3e7af1aa8e3756318daa40afb0a707ffedb4083b9a4b40a888,2026-08-18 16:47:51.418590,,
provider_home_gender,4,export_date,timestamp without time zone,YES,NULL,,NO,,,,,Source export timestamp carried into Silver for lineage and point-in-time reporting,Genders supported by the Provider Home,5505d71285b9ddde96a22169c518c3f8d5559f9c9061df58087855a955b56646,2026-08-18 16:47:51.418590,,
provider_home_spot_category,1,provider_home_spot_category_id,bigint,NO,nextval('provider.provider_home_spot_category_provider_home_spot_category_id_seq'::regclass),pk_provider_home_spot_category,YES,,,,,NULL,Spot categories supported by the Provider Home,74cee6e3bdf8e68316c7092963bf6fbd9744b4f999d7445fd82f4e0bb3782fbf,2026-08-18 16:47:51.418590,,
provider_home_spot_category,2,provider_home_id,uuid,NO,NULL,,NO,fk_provider_home_spot_category_provider_home,provider,provider_home,provider_home_id,FK to Provider Home,Spot categories supported by the Provider Home,96ef784efb695f3e9ebdf733a2d119ad2eaa2a67a91f30fa17f0c09b4b782f1a,2026-08-18 16:47:51.418590,,
provider_home_spot_category,3,spot_category_code,character varying(9),NO,NULL,,NO,,,,,FK to Reference Data - SpotCategoryCode,Spot categories supported by the Provider Home,e5c2b02dfced506087953e6031f31aebcb37fd0fa5fa3f1e99ef5ff07053472b,2026-08-18 16:47:51.418590,,
provider_home_spot_category,4,export_date,timestamp without time zone,YES,NULL,,NO,,,,,Source export timestamp carried into Silver for lineage and point-in-time reporting,Spot categories supported by the Provider Home,8a93826ec37114a61a7468581fd29a2bd298805d8e7cb52783321c1a0ea57506,2026-08-18 16:47:51.418590,,
referral,1,referral_id,uuid,NO,NULL,pk_referral,YES,,,,,Auto Generated Unique Primary Key,Holds key informatoin regarding the referral as created by the placement officer,51f9d0077131f7977840978a82354e15034e0a0ea868b24510606b05c0056b31,2026-08-18 16:47:51.418590,,
referral,2,placement_type,character varying(120),YES,NULL,,NO,,,,,Placement type supplied by the flattened referral extract,Holds key informatoin regarding the referral as created by the placement officer,5e58ef6b3505f0de0738470ae681f5465a1ff7d5ffe7f8232816344578056be7,2026-08-18 16:47:51.418590,,
referral,3,required_start_date,date,NO,NULL,,NO,,,,,The date that this referral is required to start,Holds key informatoin regarding the referral as created by the placement officer,b65eddaed6913fce7bb5a2d7c9ccbe1038cbf2334afade76c4ee01cdf69ae027,2026-08-18 16:47:51.418590,,
referral,4,response_required_by_date,date,NO,NULL,,NO,,,,,A preferred date that the local authority require from providers,Holds key informatoin regarding the referral as created by the placement officer,86a355a0d426a1403d51c056d81ca779d5b41883a4029b40858efff98742e011,2026-08-18 16:47:51.418590,,
referral,5,is_sibling_placement,boolean,NO,FALSE,,NO,,,,,A boolean flag to indiciate that this is a sibling placement,Holds key informatoin regarding the referral as created by the placement officer,0cee5729d6a19a03089be05411aa2f0e5d45a2251ebe86fd5b8121c5ee96e9f6,2026-08-18 16:47:51.418590,,
referral,6,sibling_count,integer,NO,NULL,,NO,,,,,The number of siblings that are included in this referral,Holds key informatoin regarding the referral as created by the placement officer,ec95957d52775f193cb962a7e59a946c9f70240c209eb14cda160308765752d9,2026-08-18 16:47:51.418590,,
referral,7,is_parent_child_placement,boolean,NO,FALSE,,NO,,,,,A boolean flag to indiciate that this is a parent/child placement,Holds key informatoin regarding the referral as created by the placement officer,d928b575d715b424ba4f76f168c97d35f591f7d5b99495269b9a601f2397e07d,2026-08-18 16:47:51.418590,,
referral,8,has_location_preferrence,boolean,NO,NULL,,NO,,,,,A boolean flag to indiciate that a location preference is to be considered,Holds key informatoin regarding the referral as created by the placement officer,12cce29d8a27fac587c3550c1595ee4201fdaafb0be819d501b11271d9abbbff,2026-08-18 16:47:51.418590,,
referral,9,location_preference_details,character varying(300),YES,NULL,,NO,,,,,Details of the location preferences for this referral,Holds key informatoin regarding the referral as created by the placement officer,aa20b91dfa1122a20bc014774a4d76a4cc8bbe95d57f064ac48768588b4da191,2026-08-18 16:47:51.418590,,
referral,10,has_location_restriction,boolean,NO,NULL,,NO,,,,,A boolean flag to indiciate that location restrictions are to be considered,Holds key informatoin regarding the referral as created by the placement officer,c72f5f72a0cedb8df04a8a3c08408df610005fd68b33e572981da70eaea1f162,2026-08-18 16:47:51.418590,,
referral,11,location_restriction_details,character varying(300),YES,NULL,,NO,,,,,Details for the location restrictions expressed for the referral,Holds key informatoin regarding the referral as created by the placement officer,0addc854e5f6cb54873f0758722223b4902d86def1baf4032f92347addb96606,2026-08-18 16:47:51.418590,,
referral,12,additional_information,character varying(3000),YES,NULL,,NO,,,,,"Additional Information regarding the referral. For example, details about the childs needs or profile",Holds key informatoin regarding the referral as created by the placement officer,38a9a8e0eaa33e684759a4b5050ef5ffa5c3a9d280d58955e51acca9476b4c6e,2026-08-18 16:47:51.418590,,
referral,13,referral_created_date,timestamp without time zone,YES,NULL,,NO,,,,,Date/time the referral was created in the source extract,Holds key informatoin regarding the referral as created by the placement officer,a77e245164ec4debdcdcf8c17313299c7a68ce768a2a7c2447026b190acce826,2026-08-18 16:47:51.418590,,
referral,14,referral_modified_date,timestamp without time zone,YES,NULL,,NO,,,,,Date/time the referral was last modified in the source extract,Holds key informatoin regarding the referral as created by the placement officer,b3d4c9d60fa5a5e116fa856c9c2a12e6273ca0fae0b24ba1195f2f49ab84e0ad,2026-08-18 16:47:51.418590,,
referral,15,is_spot,boolean,NO,FALSE,,NO,,,,,NULL,Holds key informatoin regarding the referral as created by the placement officer,a2f35573ff6dab21a2664ef056b2068e312f1cabc8bf75fb28259d0c32f85563,2026-08-18 16:47:51.418590,,
referral,16,referral_created_by,character varying(100),YES,NULL,,NO,,,,,User identifier that created the referral,Holds key informatoin regarding the referral as created by the placement officer,16b1bf6fac8a426e939dbdb5f8a46bfe2d230506a73787c101bc58d288af678b,2026-08-18 16:47:51.418590,,
referral,17,referral_updated_by,character varying(100),YES,NULL,,NO,,,,,User identifier that last updated the referral,Holds key informatoin regarding the referral as created by the placement officer,e5e28bbcf85edb6447a0660c8ce955cf284f70df15a604ae10e9ba86750470bf,2026-08-18 16:47:51.418590,,
referral,18,referral_status,character varying(50),YES,NULL,,NO,,,,,Current referral status supplied by the flattened referral extract,Holds key informatoin regarding the referral as created by the placement officer,12ef0b8bb58cbc16fef858fc65fc510051a279bbbb9f27d1344f7e83b88a539f,2026-08-18 16:47:51.418590,,
referral,19,export_date,timestamp without time zone,YES,NULL,,NO,,,,,Source export timestamp carried into Silver for lineage and point-in-time reporting,Holds key informatoin regarding the referral as created by the placement officer,3905421b12b7c19c93c312ec7f7dea19b5688eaef2db547e87a7eea816066fb0,2026-08-18 16:47:51.418590,,
referral_category,1,referral_id,uuid,NO,NULL,pk_referral_category,YES,fk_referral_category_referral,referral,referral,referral_id,NULL,NULL,eb92ffdfd00112a44d500b99f383d1b55b00524ea2337cedf1759f593336caa0,2026-08-18 16:47:51.418590,,
referral_category,2,framework_category_id,integer,NO,NULL,pk_referral_category,YES,fk_referral_category_framework_category,framework,framework_category,framework_category_id,NULL,NULL,9c37b723ec41165e22a28d98f0ccc86b00631a282f9186105c301d6cc128cbaa,2026-08-18 16:47:51.418590,,
referral_category,3,export_date,timestamp without time zone,YES,NULL,,NO,,,,,Source export timestamp carried into Silver for lineage and point-in-time reporting,NULL,10b9763eaece662f327b29b837fff2f86745fd04e4ed611c574f57aa34e6be2e,2026-08-18 16:47:51.418590,,
referral_person,1,person_id,uuid,NO,NULL,pk_person_id,YES,,,,,NULL,NULL,ce87fba9c8bbbca029d14e07c4c20f514bfeb26a2cd3cdadf4eb70513cd82a85,2026-08-18 16:47:51.418590,,
referral_person,2,initials,STRING,NO,NULL,,NO,,,,,NULL,NULL,f867b9c6cea936f796e4df63f9cd8f76e79759673e51c839b7f929d4f061315f,2026-08-18 16:47:51.418590,,
referral_person,3,age_value,integer,NO,NULL,,NO,,,,,NULL,NULL,32ab1b203e22183bec9bb4da075d8c50940c0b96368bf8d7804bf07853e44bf4,2026-08-18 16:47:51.418590,,
referral_person,4,age_date_unit,character varying(200),NO,NULL,,NO,,,,,NULL,NULL,a22c3a2e15bdebea1d18a8a628c4a9f48e6fe18a68b57206a82c194a546c5809,2026-08-18 16:47:51.418590,,
referral_person,5,has_restrictions,boolean,NO,NULL,,NO,,,,,NULL,NULL,1f7b47e5a850bda4a895a1af82fa595919a9773b3809036552e9a98e12be6d7e,2026-08-18 16:47:51.418590,,
referral_person,6,restriction_details,character varying(200),YES,NULL,,NO,,,,,NULL,NULL,5dc051b504863dee9ef7fe1135b32250a52d617175129f5c9ada92d10d2f6670,2026-08-18 16:47:51.418590,,
referral_person,7,source_reference_id,character varying(50),NO,NULL,,NO,,,,,NULL,NULL,faeac5e1049a717a193d6e34aa8527910cc10d76a138916b17a6e372abaf3135,2026-08-18 16:47:51.418590,,
referral_person,8,gender,character varying(200),NO,NULL,,NO,,,,,NULL,NULL,ee3ad7a5dbe892870e1252a61e6fe81356daf663c82416272ed33ff1bbab309d,2026-08-18 16:47:51.418590,,
referral_person,9,gender_other,character varying(200),YES,NULL,,NO,,,,,NULL,NULL,8a9298987ee52f8d2daaca395c98db22a7f3a4d0d458f9a0414c809dc02a1a86,2026-08-18 16:47:51.418590,,
referral_person,10,ethnicity,character varying(200),NO,NULL,,NO,,,,,NULL,NULL,f01406818d32f79cbd5563fbcae05dde4156dbafc9c392859a1d4d73694599cc,2026-08-18 16:47:51.418590,,
referral_person,11,ethnicity_other,character varying(200),YES,NULL,,NO,,,,,NULL,NULL,97a1f561e6e9a0e5b58a8eebafdf5ac682ee33de3c91be7b66399c09c4044e74,2026-08-18 16:47:51.418590,,
referral_person,12,religion,character varying(200),NO,NULL,,NO,,,,,NULL,NULL,9306a608f83dfc13bd80f9cb6dd0ac3e8516851677450b0779cb3ac56956b051,2026-08-18 16:47:51.418590,,
referral_person,13,religion_other,character varying(200),YES,NULL,,NO,,,,,NULL,NULL,d41edcc9b7cc3e9d56e73b0f4f8d5e4989035cee0d0020483d06131711a27722,2026-08-18 16:47:51.418590,,
referral_person,14,preferred_language,character varying(200),NO,NULL,,NO,,,,,NULL,NULL,2f28468cf12474dff97db5e470ffa555f1b6f638f9d24c620c00c975320cee8f,2026-08-18 16:47:51.418590,,
referral_person,15,preferred_language_other,character varying(200),YES,NULL,,NO,,,,,NULL,NULL,7f2eb5dc788acdc0ddddf6eafeb224d21b61bcf9c97cc0f28ec72d7a06be5c86,2026-08-18 16:47:51.418590,,
referral_person,16,referral_id,uuid,NO,NULL,,NO,fk_referral_person_referral,referral,referral,referral_id,NULL,NULL,f53a891ab39c0edb5fdbd51baec25f83ef44314cf32b361be008c0a627ce9d79,2026-08-18 16:47:51.418590,,
referral_person,17,child_index,integer,NO,NULL,,NO,,,,,NULL,NULL,122244803828a28a48127d9a9af492b1dac787284cd25fed2336039cbf9317d6,2026-08-18 16:47:51.418590,,
referral_person,18,export_date,timestamp without time zone,YES,NULL,,NO,,,,,Source export timestamp carried into Silver for lineage and point-in-time reporting,NULL,687305b7173e87a9ac60263e4fbe01b82cfaad1eaf57dbf5e7721dd70cca588f,2026-08-18 16:47:51.418590,,
referral_provider,1,referral_provider_id,uuid,NO,NULL,pk_referral_provider,YES,,,,,NULL,Mapping table for referrals to providers,7517dc767fabba0e46fd9645a7b227d8bf53d7e7135a4e8977543901094165fa,2026-08-18 16:47:51.418590,,
referral_provider,2,referral_id,uuid,NO,NULL,,NO,fk_referral_provider_referral,referral,referral,referral_id,FK - Unique ID of the Referral,Mapping table for referrals to providers,47901fa6c0a04235eff403987b26fd90c5084e98140a4d74b44625d45f164d8a,2026-08-18 16:47:51.418590,,
referral_provider,3,provider_id,uuid,NO,NULL,,NO,fk_referral_provider_provider,provider,provider,provider_id,FK - Unique ID of the Provider,Mapping table for referrals to providers,e31587cd48bed84c7fdc88da821703cff3c6c43b8c19cbb7ced3526b5691b692,2026-08-18 16:47:51.418590,,
referral_provider,4,is_excluded,boolean,NO,FALSE,,NO,,,,,Flag to indicate if the provider is excluded from the referral,Mapping table for referrals to providers,a6c2e56ff09cd3ec0e0d66a8837b8f20404c916f2dda7e0b84c8c435b3f76cd4,2026-08-18 16:47:51.418590,,
referral_provider,5,is_declined,boolean,NO,FALSE,,NO,,,,,Boolean value to indicate if this Referral is currently declined by the Provider,Mapping table for referrals to providers,f325f2df09cfa29af2c6f7af742810b100b36f7a2b7733b959c6ca69c1d2c5d4,2026-08-18 16:47:51.418590,,
referral_provider,6,created_by,character varying(100),NO,NULL,,NO,,,,,The system user that created this record,Mapping table for referrals to providers,739d0cc07b6904748da923f5759ff599b28dce64502f11cc2103205c1e2841ed,2026-08-18 16:47:51.418590,,
referral_provider,7,modified_by,character varying(100),YES,NULL,,NO,,,,,The system user that last modified this record,Mapping table for referrals to providers,d9eb996848831b473371454ef1140231c0d3c7befe07d53fc3d472f65736ccfe,2026-08-18 16:47:51.418590,,
referral_provider,10,is_cancelled,boolean,NO,FALSE,,NO,,,,,NULL,Mapping table for referrals to providers,ff8e78b106035422ca6e818e2a4766a4374182e1e22e0029a69a6b0646a637d5,2026-08-18 16:47:51.418590,,
referral_provider,11,is_closed,boolean,NO,FALSE,,NO,,,,,NULL,Mapping table for referrals to providers,660a2c465147c24e03c9851223fd5d8b80520722eff2c61ac74c76a09b16b39d,2026-08-18 16:47:51.418590,,
referral_provider,12,is_spot,boolean,NO,FALSE,,NO,,,,,NULL,Mapping table for referrals to providers,e44f86cd73f34dc69f3d7f02b59c3898f89f7368f638db0981b058bcad2a3260,2026-08-18 16:47:51.418590,,
referral_provider,13,export_date,timestamp without time zone,YES,NULL,,NO,,,,,Source export timestamp carried into Silver for lineage and point-in-time reporting,Mapping table for referrals to providers,246366bba43dbde85d82dbef5e0d807d3fe2e39e66da87a360b6a1b5fbfd04ad,2026-08-18 16:47:51.418590,,
referral_provider_cancel_reason,1,cancel_reason_id,bigint,NO,nextval('referral.referral_provider_cancel_reason_cancel_reason_id_seq'::regclass),pk_referral_provider_cancel_reason,YES,,,,,Autogenerated Primary Key,This entity holds all reasons submitted by a provider for cancelling a referral,b381c3dc40c78dd0a2ef38d5bb7d281c8d61016840e7dddd10c140e5dd0143ef,2026-08-18 16:47:51.418590,,
referral_provider_cancel_reason,2,cancel_reason,character varying(9),NO,NULL,,NO,,,,,Unique Code to Cancel Reason Reference Data,This entity holds all reasons submitted by a provider for cancelling a referral,144cad9132801150f61502543e52e1986e21a58dd27369584e23d27203871b9c,2026-08-18 16:47:51.418590,,
referral_provider_cancel_reason,3,cancel_reason_other_text,character varying(100),YES,NULL,,NO,,,,,"Free text field for cancelled reason

Only populated when Reference Code is ""OTHER?""",This entity holds all reasons submitted by a provider for cancelling a referral,5474b585fe3f564a4ab83c654005eadccce86ef489f4552971e804eed66f2efe,2026-08-18 16:47:51.418590,,
referral_provider_cancel_reason,4,created_by,character varying(100),NO,NULL,,NO,,,,,This field holds the system user name of the user that provided the cancel reason,This entity holds all reasons submitted by a provider for cancelling a referral,b48c0f42910c4391ca829fcb36dd908979d84415a0365fbe16c0c7e779ede83b,2026-08-18 16:47:51.418590,,
referral_provider_cancel_reason,5,created_date,timestamp without time zone,NO,now(),,NO,,,,,The timestamp when the cancel reason was added,This entity holds all reasons submitted by a provider for cancelling a referral,9ec3918bf77bc65ae81256800b4684fa5217f6fc3a30a04d4c02cdb92e943c52,2026-08-18 16:47:51.418590,,
referral_provider_cancel_reason,6,referral_provider_id,uuid,NO,NULL,,NO,fk_referral_provider_cancel_reason_referral_provider,referral,referral_provider,referral_provider_id,Foreign Key to Referral Provider Table,This entity holds all reasons submitted by a provider for cancelling a referral,cefe4a93716dacbefc91f509fe0fb8067fa326f4c93634eeac9ec71f49c1b57b,2026-08-18 16:47:51.418590,,
referral_provider_cancel_reason,7,export_date,timestamp without time zone,YES,NULL,,NO,,,,,Source export timestamp carried into Silver for lineage and point-in-time reporting,This entity holds all reasons submitted by a provider for cancelling a referral,9c996e5129ecb0aea8a17553469641dd66f6c6e25d063c15d638e18f314c079c,2026-08-18 16:47:51.418590,,
referral_provider_decline_reason,1,decline_reason_id,bigint,NO,nextval('referral.referral_provider_decline_reason_decline_reason_id_seq'::regclass),pk_referral_provider_decline_reason,YES,,,,,Autogenerated Primary Key,This entity holds all reasons submitted by a provider for declining a referral,9aae2e7e8552b2477f72c45cbd89b1481c9414c0fac037b0cbce52af3b397992,2026-08-18 16:47:51.418590,,
referral_provider_decline_reason,2,decline_reason,character varying(9),NO,NULL,,NO,,,,,Unique Code to Decline Reason Reference Data,This entity holds all reasons submitted by a provider for declining a referral,757c8d99558532b6660d9062e32962a1d00cbd6592bbbba7f4c39e71d900110e,2026-08-18 16:47:51.418590,,
referral_provider_decline_reason,3,decline_reason_other_text,character varying(100),YES,NULL,,NO,,,,,"Free text field for declined reason

Only populated when Reference Code is ""OTHER?""",This entity holds all reasons submitted by a provider for declining a referral,cbd212d0da73ba74310e9bb90b31dd863093b63c29b15dec44d53ff28ca505f3,2026-08-18 16:47:51.418590,,
referral_provider_decline_reason,4,created_by,character varying(100),NO,NULL,,NO,,,,,This field holds the system user name of the user that provided the decline reason,This entity holds all reasons submitted by a provider for declining a referral,a40615e536b37d37a6ed9168c658af662e4987971f42054e68822225f0a8e5a6,2026-08-18 16:47:51.418590,,
referral_provider_decline_reason,5,created_date,timestamp without time zone,NO,now(),,NO,,,,,The timestamp when the decline reason was added,This entity holds all reasons submitted by a provider for declining a referral,abfc30b99b211158c2d6ac857736b6e57a225255380957b5e352834a5b4ea46f,2026-08-18 16:47:51.418590,,
referral_provider_decline_reason,6,referral_provider_id,uuid,NO,NULL,,NO,fk_referral_provider_decline_reason_referral_provider,referral,referral_provider,referral_provider_id,Foreign Key to Referral Provider Table,This entity holds all reasons submitted by a provider for declining a referral,c256cc696f8a4060b6c14ba91cca2b05cfb786f59a1804eeba78eb97997296c3,2026-08-18 16:47:51.418590,,
referral_provider_decline_reason,7,export_date,timestamp without time zone,YES,NULL,,NO,,,,,Source export timestamp carried into Silver for lineage and point-in-time reporting,This entity holds all reasons submitted by a provider for declining a referral,bc7c7ecc0e0cab1c4d143589f6e3a3003c2a41d9f74f7236c79a81b8e86b7b71,2026-08-18 16:47:51.418590,,
referral_provider_message,1,message_id,uuid,NO,NULL,pk_referral_provider_message,YES,,,,,Auto Generated Unique ID,This entity will hold all messages between Providers and Placement Officers,32d2764b7d2e1713274af4e4e5e4dab21da5ff3026bafb2854da88f342c724ca,2026-08-18 16:47:51.418590,,
referral_provider_message,2,message_text,character varying(3000),NO,NULL,,NO,,,,,This is the body of the message,This entity will hold all messages between Providers and Placement Officers,db69f1077066a52bf6b04a2451bbd3824bf966a8183d0e3081c967eb1b489d6d,2026-08-18 16:47:51.418590,,
referral_provider_message,3,created_timestamp,timestamp without time zone,NO,now(),,NO,,,,,The timestamp this message was created,This entity will hold all messages between Providers and Placement Officers,8098d0299b9e64d91a053c70f66e189efdbd513c8782d8a23cdfd29794f685de,2026-08-18 16:47:51.418590,,
referral_provider_message,4,created_by,character varying(100),NO,NULL,,NO,,,,,The system user that created the message,This entity will hold all messages between Providers and Placement Officers,3aa48cc7a02a48efce468713e8c0c08dbfc5f4f41623dff23b38f27754e961d9,2026-08-18 16:47:51.418590,,
referral_provider_message,5,referral_provider_id,uuid,NO,NULL,,NO,fk_referral_message_referral_provider,referral,referral_provider,referral_provider_id,NULL,This entity will hold all messages between Providers and Placement Officers,afde365df82171c765c15cef13e91ae5d667d7d8736f7858aa047a46788ec728,2026-08-18 16:47:51.418590,,
referral_provider_message,6,export_date,timestamp without time zone,YES,NULL,,NO,,,,,Source export timestamp carried into Silver for lineage and point-in-time reporting,This entity will hold all messages between Providers and Placement Officers,aecbf131ee838f40a24a7b1a7f0de48077983db2fac49821e38c6d5e67c15d79,2026-08-18 16:47:51.418590,,
referral_spot_category,1,referral_spot_category_id,bigint,NO,nextval('referral.referral_spot_category_referral_spot_category_id_seq'::regclass),pk_referral_spot_category,YES,,,,,NULL,Spot categories supported by the Referral,3f1aef5dfa7be1c779f7685db50008da0430e16dcedeafddeac142a56eff7a4a,2026-08-18 16:47:51.418590,,
referral_spot_category,2,referral_id,uuid,NO,NULL,,NO,fk_referral_spot_category_referral,referral,referral,referral_id,FK to Referral,Spot categories supported by the Referral,d96a30a3559ca26388cf5f9815d5df4f9d5349d8cdf60029546eafb2c63bd395,2026-08-18 16:47:51.418590,,
referral_spot_category,3,export_date,timestamp without time zone,YES,NULL,,NO,,,,,Source export timestamp carried into Silver for lineage and point-in-time reporting,Spot categories supported by the Referral,40ef1a95d4f3ffa53ef09fa17a810870b57ae9835b30299deda618ca02df058a,2026-08-18 16:47:51.418590,,
supervising_social_worker,1,social_worker_id,uuid,NO,NULL,pk_supervising_social_worker,YES,,,,,NULL,NULL,5718b2fb4c38cdf705da962ae63c8445b2dc85690fee312b1846c629d651d3b2,2026-08-18 16:47:51.418590,,
supervising_social_worker,2,offer_id,uuid,NO,NULL,,NO,fk_social_worker_offer,offer,offer,offer_id,NULL,NULL,96da3111de1f094c3e54882d3aa3f5c2dd3371a90f3b2ddaa96a8b4aa8e0d105,2026-08-18 16:47:51.418590,,
supervising_social_worker,3,full_name,character varying(255),NO,NULL,,NO,,,,,NULL,NULL,7b66f766dfd421724721dd1887c43cd06951a49f51f7a633ba9081219204126e,2026-08-18 16:47:51.418590,,
supervising_social_worker,4,phone_number,character varying(20),NO,NULL,,NO,,,,,NULL,NULL,80b83604b56382f09c7d5120824f51a7c6ff7ee4c9e7f6dec5f7cd47035cc042,2026-08-18 16:47:51.418590,,
supervising_social_worker,5,email_address,character varying(255),NO,NULL,,NO,,,,,NULL,NULL,ec30c26b15d6f9e8e79a17bf04c19b42883f6d3f4af036eaf93460fc27ee0138,2026-08-18 16:47:51.418590,,
supervising_social_worker,6,export_date,timestamp without time zone,YES,NULL,,NO,,,,,Source export timestamp carried into Silver for lineage and point-in-time reporting,NULL,bb1a16bc3895807ff59da1926369f31d07a4bacb695d8350acaead9cc03d4eb3,2026-08-18 16:47:51.418590,,
