source_schema,source_table,column_name,contract_data_type,data_domain,distinct_value_count,profiled_at,run_id,job_run_id
bronze,referral_provider_decline_reason,decline_reason,character varying(9),Matching: Gender,12,2026-08-22 17:19:56.837187,3b352ff4-8ed7-4ba3-986c-6e91caea0da8,
bronze,referral_provider_decline_reason,decline_reason,character varying(9),No vacancy,12,2026-08-22 17:19:56.837187,3b352ff4-8ed7-4ba3-986c-6e91caea0da8,
bronze,referral_provider_decline_reason,decline_reason,character varying(9),Transport issues,12,2026-08-22 17:19:56.837187,3b352ff4-8ed7-4ba3-986c-6e91caea0da8,
bronze,referral_provider_decline_reason,decline_reason,character varying(9),Delays in local authority decision-making,12,2026-08-22 17:19:56.837187,3b352ff4-8ed7-4ba3-986c-6e91caea0da8,
bronze,referral_provider_decline_reason,decline_reason,character varying(9),Matching: Age,12,2026-08-22 17:19:56.837187,3b352ff4-8ed7-4ba3-986c-6e91caea0da8,
bronze,referral_provider_decline_reason,decline_reason,character varying(9),Matching: Compatibility risk,12,2026-08-22 17:19:56.837187,3b352ff4-8ed7-4ba3-986c-6e91caea0da8,
bronze,referral_provider_decline_reason,decline_reason,character varying(9),Matching: Location,12,2026-08-22 17:19:56.837187,3b352ff4-8ed7-4ba3-986c-6e91caea0da8,
bronze,referral_provider_decline_reason,decline_reason,character varying(9),Matching: Staffing skills mix,12,2026-08-22 17:19:56.837187,3b352ff4-8ed7-4ba3-986c-6e91caea0da8,
bronze,referral_provider_decline_reason,decline_reason,character varying(9),Other,12,2026-08-22 17:19:56.837187,3b352ff4-8ed7-4ba3-986c-6e91caea0da8,
bronze,referral_provider_decline_reason,decline_reason,character varying(9),Placement given to another child,12,2026-08-22 17:19:56.837187,3b352ff4-8ed7-4ba3-986c-6e91caea0da8,
bronze,referral_provider_decline_reason,decline_reason,character varying(9),Unable to meet child's needs,12,2026-08-22 17:19:56.837187,3b352ff4-8ed7-4ba3-986c-6e91caea0da8,
bronze,referral_provider_decline_reason,decline_reason,character varying(9),Unable to meet child's needs after receiving additional information,12,2026-08-22 17:19:56.837187,3b352ff4-8ed7-4ba3-986c-6e91caea0da8,
bronze,referral_provider_cancel_reason,cancel_reason,character varying(9),Other,12,2026-08-22 17:19:56.837187,3b352ff4-8ed7-4ba3-986c-6e91caea0da8,
bronze,referral_provider_cancel_reason,cancel_reason,character varying(9),Child placed with Connected Carer,12,2026-08-22 17:19:56.837187,3b352ff4-8ed7-4ba3-986c-6e91caea0da8,
bronze,referral_provider_cancel_reason,cancel_reason,character varying(9),Child staying in current placement,12,2026-08-22 17:19:56.837187,3b352ff4-8ed7-4ba3-986c-6e91caea0da8,
bronze,referral_provider_cancel_reason,cancel_reason,character varying(9),Admission to care refused (internal governance),12,2026-08-22 17:19:56.837187,3b352ff4-8ed7-4ba3-986c-6e91caea0da8,
bronze,referral_provider_cancel_reason,cancel_reason,character varying(9),Court order not granted,12,2026-08-22 17:19:56.837187,3b352ff4-8ed7-4ba3-986c-6e91caea0da8,
bronze,referral_provider_cancel_reason,cancel_reason,character varying(9),No offers received,12,2026-08-22 17:19:56.837187,3b352ff4-8ed7-4ba3-986c-6e91caea0da8,
bronze,referral_provider_cancel_reason,cancel_reason,character varying(9),Alternative placement type made,12,2026-08-22 17:19:56.837187,3b352ff4-8ed7-4ba3-986c-6e91caea0da8,
bronze,referral_provider_cancel_reason,cancel_reason,character varying(9),Change of placement request or provision type,12,2026-08-22 17:19:56.837187,3b352ff4-8ed7-4ba3-986c-6e91caea0da8,
bronze,referral_provider_cancel_reason,cancel_reason,character varying(9),Child placed with internal service,12,2026-08-22 17:19:56.837187,3b352ff4-8ed7-4ba3-986c-6e91caea0da8,
bronze,referral_provider_cancel_reason,cancel_reason,character varying(9),Child returned to family,12,2026-08-22 17:19:56.837187,3b352ff4-8ed7-4ba3-986c-6e91caea0da8,
bronze,referral_provider_cancel_reason,cancel_reason,character varying(9),Parent withdrawn S20,12,2026-08-22 17:19:56.837187,3b352ff4-8ed7-4ba3-986c-6e91caea0da8,
bronze,referral_provider_cancel_reason,cancel_reason,character varying(9),Referral withdrawn by social worker,12,2026-08-22 17:19:56.837187,3b352ff4-8ed7-4ba3-986c-6e91caea0da8,
bronze,ipa_child_support_needs,support_need,character varying(100),Relationship breakdown,14,2026-08-22 17:19:56.837187,3b352ff4-8ed7-4ba3-986c-6e91caea0da8,
bronze,ipa_child_support_needs,support_need,character varying(100),Alcohol and substance misuse,14,2026-08-22 17:19:56.837187,3b352ff4-8ed7-4ba3-986c-6e91caea0da8,
bronze,ipa_child_support_needs,support_need,character varying(100),Child sexual exploitation (CSE),14,2026-08-22 17:19:56.837187,3b352ff4-8ed7-4ba3-986c-6e91caea0da8,
bronze,ipa_child_support_needs,support_need,character varying(100),Gang affiliation,14,2026-08-22 17:19:56.837187,3b352ff4-8ed7-4ba3-986c-6e91caea0da8,
bronze,ipa_child_support_needs,support_need,character varying(100),Missing from care,14,2026-08-22 17:19:56.837187,3b352ff4-8ed7-4ba3-986c-6e91caea0da8,
bronze,ipa_child_support_needs,support_need,character varying(100),None of these,14,2026-08-22 17:19:56.837187,3b352ff4-8ed7-4ba3-986c-6e91caea0da8,
bronze,ipa_child_support_needs,support_need,character varying(100),Self-harm,14,2026-08-22 17:19:56.837187,3b352ff4-8ed7-4ba3-986c-6e91caea0da8,
bronze,ipa_child_support_needs,support_need,character varying(100),Sexual harmful behaviour,14,2026-08-22 17:19:56.837187,3b352ff4-8ed7-4ba3-986c-6e91caea0da8,
bronze,ipa_child_support_needs,support_need,character varying(100),Victim of abuse and/or neglect,14,2026-08-22 17:19:56.837187,3b352ff4-8ed7-4ba3-986c-6e91caea0da8,
bronze,ipa_child_support_needs,support_need,character varying(100),Violent or aggressive behaviour,14,2026-08-22 17:19:56.837187,3b352ff4-8ed7-4ba3-986c-6e91caea0da8,
bronze,ipa_child_support_needs,support_need,character varying(100),Attention deficit hyperactivity disorder (ADHD),14,2026-08-22 17:19:56.837187,3b352ff4-8ed7-4ba3-986c-6e91caea0da8,
bronze,ipa_child_support_needs,support_need,character varying(100),Autism spectrum disorder (ASD),14,2026-08-22 17:19:56.837187,3b352ff4-8ed7-4ba3-986c-6e91caea0da8,
bronze,ipa_child_support_needs,support_need,character varying(100),Suicidal ideation,14,2026-08-22 17:19:56.837187,3b352ff4-8ed7-4ba3-986c-6e91caea0da8,
bronze,ipa_child_support_needs,support_need,character varying(100),Unaccompanied asylum seeker,14,2026-08-22 17:19:56.837187,3b352ff4-8ed7-4ba3-986c-6e91caea0da8,
bronze,referral_person,religion_other,character varying(200),Orthodox Christian,12,2026-08-22 17:19:56.837187,3b352ff4-8ed7-4ba3-986c-6e91caea0da8,
bronze,referral_person,religion_other,character varying(200),Unknown,12,2026-08-22 17:19:56.837187,3b352ff4-8ed7-4ba3-986c-6e91caea0da8,
bronze,referral_person,religion_other,character varying(200),not stated ,12,2026-08-22 17:19:56.837187,3b352ff4-8ed7-4ba3-986c-6e91caea0da8,
bronze,referral_person,religion_other,character varying(200),AY is interested in Christian and Muslin ,12,2026-08-22 17:19:56.837187,3b352ff4-8ed7-4ba3-986c-6e91caea0da8,
bronze,referral_person,religion_other,character varying(200),Religion unknown,12,2026-08-22 17:19:56.837187,3b352ff4-8ed7-4ba3-986c-6e91caea0da8,
bronze,referral_person,religion_other,character varying(200),Roman Catholic ,12,2026-08-22 17:19:56.837187,3b352ff4-8ed7-4ba3-986c-6e91caea0da8,
bronze,referral_person,religion_other,character varying(200),Catholic,12,2026-08-22 17:19:56.837187,3b352ff4-8ed7-4ba3-986c-6e91caea0da8,
bronze,referral_person,religion_other,character varying(200),Muslim / Christian Beliefs - YP is unsure about her religion.,12,2026-08-22 17:19:56.837187,3b352ff4-8ed7-4ba3-986c-6e91caea0da8,
bronze,referral_person,religion_other,character varying(200),switchs between Christian and Muslim,12,2026-08-22 17:19:56.837187,3b352ff4-8ed7-4ba3-986c-6e91caea0da8,
bronze,referral_person,religion_other,character varying(200),unknown/not stated on PR ,12,2026-08-22 17:19:56.837187,3b352ff4-8ed7-4ba3-986c-6e91caea0da8,
bronze,referral_person,religion_other,character varying(200),fluctuates between being a Muslim and a Christian,12,2026-08-22 17:19:56.837187,3b352ff4-8ed7-4ba3-986c-6e91caea0da8,
bronze,referral_person,religion_other,character varying(200),"he is not decided, comes from Muslim background, however attends church with current carers ",12,2026-08-22 17:19:56.837187,3b352ff4-8ed7-4ba3-986c-6e91caea0da8,
bronze,offer,withdraw_reason,character varying(500),Other,10,2026-08-22 17:19:56.837187,3b352ff4-8ed7-4ba3-986c-6e91caea0da8,
bronze,offer,withdraw_reason,character varying(500),Matching: Compatibility risks,10,2026-08-22 17:19:56.837187,3b352ff4-8ed7-4ba3-986c-6e91caea0da8,
bronze,offer,withdraw_reason,character varying(500),Matching: Location,10,2026-08-22 17:19:56.837187,3b352ff4-8ed7-4ba3-986c-6e91caea0da8,
bronze,offer,withdraw_reason,character varying(500),Placement given to another child,10,2026-08-22 17:19:56.837187,3b352ff4-8ed7-4ba3-986c-6e91caea0da8,
bronze,offer,withdraw_reason,character varying(500),Unable to agree costs,10,2026-08-22 17:19:56.837187,3b352ff4-8ed7-4ba3-986c-6e91caea0da8,
bronze,offer,withdraw_reason,character varying(500),Delays in local authority decision making,10,2026-08-22 17:19:56.837187,3b352ff4-8ed7-4ba3-986c-6e91caea0da8,
bronze,offer,withdraw_reason,character varying(500),Matching: Transport issues,10,2026-08-22 17:19:56.837187,3b352ff4-8ed7-4ba3-986c-6e91caea0da8,
bronze,offer,withdraw_reason,character varying(500),No Vacancy,10,2026-08-22 17:19:56.837187,3b352ff4-8ed7-4ba3-986c-6e91caea0da8,
bronze,offer,withdraw_reason,character varying(500),Unable to meet child's needs,10,2026-08-22 17:19:56.837187,3b352ff4-8ed7-4ba3-986c-6e91caea0da8,
bronze,offer,withdraw_reason,character varying(500),Unable to meet child's needs after receiving additional information,10,2026-08-22 17:19:56.837187,3b352ff4-8ed7-4ba3-986c-6e91caea0da8,
bronze,provider_education_provision,education_provision_type,character varying(100),Special Post 16,7,2026-08-22 17:19:56.837187,3b352ff4-8ed7-4ba3-986c-6e91caea0da8,
bronze,provider_education_provision,education_provision_type,character varying(100),Independent school day placement,7,2026-08-22 17:19:56.837187,3b352ff4-8ed7-4ba3-986c-6e91caea0da8,
bronze,provider_education_provision,education_provision_type,character varying(100),Independent school residential,7,2026-08-22 17:19:56.837187,3b352ff4-8ed7-4ba3-986c-6e91caea0da8,
bronze,provider_education_provision,education_provision_type,character varying(100),Other Independent School,7,2026-08-22 17:19:56.837187,3b352ff4-8ed7-4ba3-986c-6e91caea0da8,
bronze,provider_education_provision,education_provision_type,character varying(100),Other Independent Special School,7,2026-08-22 17:19:56.837187,3b352ff4-8ed7-4ba3-986c-6e91caea0da8,
bronze,provider_education_provision,education_provision_type,character varying(100),Non-maintained special school setting day placement,7,2026-08-22 17:19:56.837187,3b352ff4-8ed7-4ba3-986c-6e91caea0da8,
bronze,provider_education_provision,education_provision_type,character varying(100),Non-maintained special school setting residential,7,2026-08-22 17:19:56.837187,3b352ff4-8ed7-4ba3-986c-6e91caea0da8,
bronze,ipa,provider_addr_line1,character varying(200),Ace House,20,2026-08-22 17:19:56.837187,3b352ff4-8ed7-4ba3-986c-6e91caea0da8,
bronze,ipa,provider_addr_line1,character varying(200),Ikon Fostering,20,2026-08-22 17:19:56.837187,3b352ff4-8ed7-4ba3-986c-6e91caea0da8,
bronze,ipa,provider_addr_line1,character varying(200),11 Hollyhedge Road,20,2026-08-22 17:19:56.837187,3b352ff4-8ed7-4ba3-986c-6e91caea0da8,
bronze,ipa,provider_addr_line1,character varying(200),11A Well Street,20,2026-08-22 17:19:56.837187,3b352ff4-8ed7-4ba3-986c-6e91caea0da8,
bronze,ipa,provider_addr_line1,character varying(200),127 Cranbrook Road,20,2026-08-22 17:19:56.837187,3b352ff4-8ed7-4ba3-986c-6e91caea0da8,
bronze,ipa,provider_addr_line1,character varying(200),14 Scott Grove,20,2026-08-22 17:19:56.837187,3b352ff4-8ed7-4ba3-986c-6e91caea0da8,
bronze,ipa,provider_addr_line1,character varying(200),179 Birchfield Road,20,2026-08-22 17:19:56.837187,3b352ff4-8ed7-4ba3-986c-6e91caea0da8,
bronze,ipa,provider_addr_line1,character varying(200),2 Riverside,20,2026-08-22 17:19:56.837187,3b352ff4-8ed7-4ba3-986c-6e91caea0da8,
bronze,ipa,provider_addr_line1,character varying(200),4th Floor Parkview,20,2026-08-22 17:19:56.837187,3b352ff4-8ed7-4ba3-986c-6e91caea0da8,
bronze,ipa,provider_addr_line1,character varying(200),55 Wingfoot Ave,20,2026-08-22 17:19:56.837187,3b352ff4-8ed7-4ba3-986c-6e91caea0da8,
bronze,ipa,provider_addr_line1,character varying(200),68 Handsworth Wood Road,20,2026-08-22 17:19:56.837187,3b352ff4-8ed7-4ba3-986c-6e91caea0da8,
bronze,ipa,provider_addr_line1,character varying(200),7 Coppice Road,20,2026-08-22 17:19:56.837187,3b352ff4-8ed7-4ba3-986c-6e91caea0da8,
bronze,ipa,provider_addr_line1,character varying(200),20 Birmingham Road,20,2026-08-22 17:19:56.837187,3b352ff4-8ed7-4ba3-986c-6e91caea0da8,
bronze,ipa,provider_addr_line1,character varying(200),28 King Street,20,2026-08-22 17:19:56.837187,3b352ff4-8ed7-4ba3-986c-6e91caea0da8,
bronze,ipa,provider_addr_line1,character varying(200),35a Barry st,20,2026-08-22 17:19:56.837187,3b352ff4-8ed7-4ba3-986c-6e91caea0da8,
bronze,ipa,provider_addr_line1,character varying(200),48 Calthorpe Road,20,2026-08-22 17:19:56.837187,3b352ff4-8ed7-4ba3-986c-6e91caea0da8,
bronze,ipa,provider_addr_line1,character varying(200),"International House, The McLaren Building, 46 The Priory Queensway",20,2026-08-22 17:19:56.837187,3b352ff4-8ed7-4ba3-986c-6e91caea0da8,
bronze,ipa,provider_addr_line1,character varying(200),Paddington House,20,2026-08-22 17:19:56.837187,3b352ff4-8ed7-4ba3-986c-6e91caea0da8,
bronze,ipa,provider_addr_line1,character varying(200),The Glades,20,2026-08-22 17:19:56.837187,3b352ff4-8ed7-4ba3-986c-6e91caea0da8,
bronze,ipa,provider_addr_line1,character varying(200),The Old Bus Garage,20,2026-08-22 17:19:56.837187,3b352ff4-8ed7-4ba3-986c-6e91caea0da8,
bronze,referral,referral_updated_by,character varying(100),Charlotte Guy,24,2026-08-22 17:19:56.837187,3b352ff4-8ed7-4ba3-986c-6e91caea0da8,
bronze,referral,referral_updated_by,character varying(100),Claire Geddes,24,2026-08-22 17:19:56.837187,3b352ff4-8ed7-4ba3-986c-6e91caea0da8,
bronze,referral,referral_updated_by,character varying(100),Faye Harper,24,2026-08-22 17:19:56.837187,3b352ff4-8ed7-4ba3-986c-6e91caea0da8,
bronze,referral,referral_updated_by,character varying(100),Georgia Allen,24,2026-08-22 17:19:56.837187,3b352ff4-8ed7-4ba3-986c-6e91caea0da8,
bronze,referral,referral_updated_by,character varying(100),Hamant Jakhu,24,2026-08-22 17:19:56.837187,3b352ff4-8ed7-4ba3-986c-6e91caea0da8,
bronze,referral,referral_updated_by,character varying(100),Hannah El-Far,24,2026-08-22 17:19:56.837187,3b352ff4-8ed7-4ba3-986c-6e91caea0da8,
bronze,referral,referral_updated_by,character varying(100),Hannah Peters,24,2026-08-22 17:19:56.837187,3b352ff4-8ed7-4ba3-986c-6e91caea0da8,
bronze,referral,referral_updated_by,character varying(100),Jack McCabe,24,2026-08-22 17:19:56.837187,3b352ff4-8ed7-4ba3-986c-6e91caea0da8,
bronze,referral,referral_updated_by,character varying(100),Jennifer Bourne,24,2026-08-22 17:19:56.837187,3b352ff4-8ed7-4ba3-986c-6e91caea0da8,
bronze,referral,referral_updated_by,character varying(100),Ravinder Sangha,24,2026-08-22 17:19:56.837187,3b352ff4-8ed7-4ba3-986c-6e91caea0da8,
bronze,referral,referral_updated_by,character varying(100),Rebecca Jeffery,24,2026-08-22 17:19:56.837187,3b352ff4-8ed7-4ba3-986c-6e91caea0da8,
bronze,referral,referral_updated_by,character varying(100),Regina White,24,2026-08-22 17:19:56.837187,3b352ff4-8ed7-4ba3-986c-6e91caea0da8,
bronze,referral,referral_updated_by,character varying(100),Sally-Ann Hardy,24,2026-08-22 17:19:56.837187,3b352ff4-8ed7-4ba3-986c-6e91caea0da8,
bronze,referral,referral_updated_by,character varying(100),Sam Colver,24,2026-08-22 17:19:56.837187,3b352ff4-8ed7-4ba3-986c-6e91caea0da8,
bronze,referral,referral_updated_by,character varying(100),Shafique Nazeral,24,2026-08-22 17:19:56.837187,3b352ff4-8ed7-4ba3-986c-6e91caea0da8,
bronze,referral,referral_updated_by,character varying(100),Sonia Paul,24,2026-08-22 17:19:56.837187,3b352ff4-8ed7-4ba3-986c-6e91caea0da8,
bronze,referral,referral_updated_by,character varying(100),Tracy Read,24,2026-08-22 17:19:56.837187,3b352ff4-8ed7-4ba3-986c-6e91caea0da8,
bronze,referral,referral_updated_by,character varying(100),Varinder Kaur,24,2026-08-22 17:19:56.837187,3b352ff4-8ed7-4ba3-986c-6e91caea0da8,
bronze,referral,referral_updated_by,character varying(100),Adam McVeighty,24,2026-08-22 17:19:56.837187,3b352ff4-8ed7-4ba3-986c-6e91caea0da8,
bronze,referral,referral_updated_by,character varying(100),Adam White,24,2026-08-22 17:19:56.837187,3b352ff4-8ed7-4ba3-986c-6e91caea0da8,
bronze,referral,referral_updated_by,character varying(100),Charlene Countinho,24,2026-08-22 17:19:56.837187,3b352ff4-8ed7-4ba3-986c-6e91caea0da8,
bronze,referral,referral_updated_by,character varying(100),MONIBA AKHTAR,24,2026-08-22 17:19:56.837187,3b352ff4-8ed7-4ba3-986c-6e91caea0da8,
bronze,referral,referral_updated_by,character varying(100),Mary McLarnon- Bolton,24,2026-08-22 17:19:56.837187,3b352ff4-8ed7-4ba3-986c-6e91caea0da8,
bronze,referral,referral_updated_by,character varying(100),Michael Dodd,24,2026-08-22 17:19:56.837187,3b352ff4-8ed7-4ba3-986c-6e91caea0da8,
bronze,referral_person,ethnicity,character varying(200),Other Asian background,18,2026-08-22 17:19:56.837187,3b352ff4-8ed7-4ba3-986c-6e91caea0da8,
bronze,referral_person,ethnicity,character varying(200),Other Black background,18,2026-08-22 17:19:56.837187,3b352ff4-8ed7-4ba3-986c-6e91caea0da8,
bronze,referral_person,ethnicity,character varying(200),Asian/Asian British - Bangladeshi,18,2026-08-22 17:19:56.837187,3b352ff4-8ed7-4ba3-986c-6e91caea0da8,
bronze,referral_person,ethnicity,character varying(200),Asian/Asian British - Indian,18,2026-08-22 17:19:56.837187,3b352ff4-8ed7-4ba3-986c-6e91caea0da8,
bronze,referral_person,ethnicity,character varying(200),Asian/Asian British - Pakistani,18,2026-08-22 17:19:56.837187,3b352ff4-8ed7-4ba3-986c-6e91caea0da8,
bronze,referral_person,ethnicity,character varying(200),Black/Black British - African,18,2026-08-22 17:19:56.837187,3b352ff4-8ed7-4ba3-986c-6e91caea0da8,
bronze,referral_person,ethnicity,character varying(200),Mixed ethnicity - White and Black African,18,2026-08-22 17:19:56.837187,3b352ff4-8ed7-4ba3-986c-6e91caea0da8,
bronze,referral_person,ethnicity,character varying(200),Mixed ethnicity - White and Black Caribbean,18,2026-08-22 17:19:56.837187,3b352ff4-8ed7-4ba3-986c-6e91caea0da8,
bronze,referral_person,ethnicity,character varying(200),Other White background,18,2026-08-22 17:19:56.837187,3b352ff4-8ed7-4ba3-986c-6e91caea0da8,
bronze,referral_person,ethnicity,character varying(200),Other ethnic group - Any other ethnic group,18,2026-08-22 17:19:56.837187,3b352ff4-8ed7-4ba3-986c-6e91caea0da8,
bronze,referral_person,ethnicity,character varying(200),Other ethnic group - Arab,18,2026-08-22 17:19:56.837187,3b352ff4-8ed7-4ba3-986c-6e91caea0da8,
bronze,referral_person,ethnicity,character varying(200),Other mixed background,18,2026-08-22 17:19:56.837187,3b352ff4-8ed7-4ba3-986c-6e91caea0da8,
bronze,referral_person,ethnicity,character varying(200),Black/Black British - Caribbean,18,2026-08-22 17:19:56.837187,3b352ff4-8ed7-4ba3-986c-6e91caea0da8,
bronze,referral_person,ethnicity,character varying(200),Mixed ethnicity - White and Asian,18,2026-08-22 17:19:56.837187,3b352ff4-8ed7-4ba3-986c-6e91caea0da8,
bronze,referral_person,ethnicity,character varying(200),Refused/Preferred not to say,18,2026-08-22 17:19:56.837187,3b352ff4-8ed7-4ba3-986c-6e91caea0da8,
bronze,referral_person,ethnicity,character varying(200),Unknown/Not collected,18,2026-08-22 17:19:56.837187,3b352ff4-8ed7-4ba3-986c-6e91caea0da8,
bronze,referral_person,ethnicity,character varying(200),White -  Irish,18,2026-08-22 17:19:56.837187,3b352ff4-8ed7-4ba3-986c-6e91caea0da8,
bronze,referral_person,ethnicity,character varying(200),White - British,18,2026-08-22 17:19:56.837187,3b352ff4-8ed7-4ba3-986c-6e91caea0da8,
bronze,offer,decline_reason_other,character varying(50),Alternative offer preferred ,9,2026-08-22 17:19:56.837187,3b352ff4-8ed7-4ba3-986c-6e91caea0da8,
bronze,offer,decline_reason_other,character varying(50),Gone with different provider,9,2026-08-22 17:19:56.837187,3b352ff4-8ed7-4ba3-986c-6e91caea0da8,
bronze,offer,decline_reason_other,character varying(50),Had already shared offers from other providers,9,2026-08-22 17:19:56.837187,3b352ff4-8ed7-4ba3-986c-6e91caea0da8,
bronze,offer,decline_reason_other,character varying(50),SW did not select this offer ,9,2026-08-22 17:19:56.837187,3b352ff4-8ed7-4ba3-986c-6e91caea0da8,
bronze,offer,decline_reason_other,character varying(50),Social worker accepted another offer,9,2026-08-22 17:19:56.837187,3b352ff4-8ed7-4ba3-986c-6e91caea0da8,
bronze,offer,decline_reason_other,character varying(50),EOI had already been shared and accepted by the SW.,9,2026-08-22 17:19:56.837187,3b352ff4-8ed7-4ba3-986c-6e91caea0da8,
bronze,offer,decline_reason_other,character varying(50),The social work team proceeded with another provider. ,9,2026-08-22 17:19:56.837187,3b352ff4-8ed7-4ba3-986c-6e91caea0da8,
bronze,offer,decline_reason_other,character varying(50),matching ,9,2026-08-22 17:19:56.837187,3b352ff4-8ed7-4ba3-986c-6e91caea0da8,
bronze,offer,decline_reason_other,character varying(50),offer from different provider,9,2026-08-22 17:19:56.837187,3b352ff4-8ed7-4ba3-986c-6e91caea0da8,
bronze,ipa,home_addr_line1,character varying(200),16 Woodwells Road,24,2026-08-22 17:19:56.837187,3b352ff4-8ed7-4ba3-986c-6e91caea0da8,
bronze,ipa,home_addr_line1,character varying(200),26 Sir Galahad Walk,24,2026-08-22 17:19:56.837187,3b352ff4-8ed7-4ba3-986c-6e91caea0da8,
bronze,ipa,home_addr_line1,character varying(200),262 Kingsbury Road,24,2026-08-22 17:19:56.837187,3b352ff4-8ed7-4ba3-986c-6e91caea0da8,
bronze,ipa,home_addr_line1,character varying(200),2A Messenger Rd,24,2026-08-22 17:19:56.837187,3b352ff4-8ed7-4ba3-986c-6e91caea0da8,
bronze,ipa,home_addr_line1,character varying(200),3 Bromford Lane,24,2026-08-22 17:19:56.837187,3b352ff4-8ed7-4ba3-986c-6e91caea0da8,
bronze,ipa,home_addr_line1,character varying(200),30 Grove Hill Road,24,2026-08-22 17:19:56.837187,3b352ff4-8ed7-4ba3-986c-6e91caea0da8,
bronze,ipa,home_addr_line1,character varying(200),72 Bearmore Road,24,2026-08-22 17:19:56.837187,3b352ff4-8ed7-4ba3-986c-6e91caea0da8,
bronze,ipa,home_addr_line1,character varying(200),83 Wheatsheaf Road,24,2026-08-22 17:19:56.837187,3b352ff4-8ed7-4ba3-986c-6e91caea0da8,
bronze,ipa,home_addr_line1,character varying(200),88 Lansdown Road,24,2026-08-22 17:19:56.837187,3b352ff4-8ed7-4ba3-986c-6e91caea0da8,
bronze,ipa,home_addr_line1,character varying(200),Birmingham,24,2026-08-22 17:19:56.837187,3b352ff4-8ed7-4ba3-986c-6e91caea0da8,
bronze,ipa,home_addr_line1,character varying(200),Oldbury,24,2026-08-22 17:19:56.837187,3b352ff4-8ed7-4ba3-986c-6e91caea0da8,
bronze,ipa,home_addr_line1,character varying(200),Sandwell,24,2026-08-22 17:19:56.837187,3b352ff4-8ed7-4ba3-986c-6e91caea0da8,
bronze,ipa,home_addr_line1,character varying(200),10 Milehouse Lane,24,2026-08-22 17:19:56.837187,3b352ff4-8ed7-4ba3-986c-6e91caea0da8,
bronze,ipa,home_addr_line1,character varying(200),"1170, Bristol Road South",24,2026-08-22 17:19:56.837187,3b352ff4-8ed7-4ba3-986c-6e91caea0da8,
bronze,ipa,home_addr_line1,character varying(200),127 Cranbrook Road,24,2026-08-22 17:19:56.837187,3b352ff4-8ed7-4ba3-986c-6e91caea0da8,
bronze,ipa,home_addr_line1,character varying(200),31 Mostyn Road B21 9DY,24,2026-08-22 17:19:56.837187,3b352ff4-8ed7-4ba3-986c-6e91caea0da8,
bronze,ipa,home_addr_line1,character varying(200),32 Tolworth Hall Road,24,2026-08-22 17:19:56.837187,3b352ff4-8ed7-4ba3-986c-6e91caea0da8,
bronze,ipa,home_addr_line1,character varying(200),35 Novi Lane,24,2026-08-22 17:19:56.837187,3b352ff4-8ed7-4ba3-986c-6e91caea0da8,
bronze,ipa,home_addr_line1,character varying(200),35a Barry st,24,2026-08-22 17:19:56.837187,3b352ff4-8ed7-4ba3-986c-6e91caea0da8,
bronze,ipa,home_addr_line1,character varying(200),37 Berwick Road,24,2026-08-22 17:19:56.837187,3b352ff4-8ed7-4ba3-986c-6e91caea0da8,
bronze,ipa,home_addr_line1,character varying(200),56 Wellesley Road,24,2026-08-22 17:19:56.837187,3b352ff4-8ed7-4ba3-986c-6e91caea0da8,
bronze,ipa,home_addr_line1,character varying(200),66 St Marys Road,24,2026-08-22 17:19:56.837187,3b352ff4-8ed7-4ba3-986c-6e91caea0da8,
bronze,ipa,home_addr_line1,character varying(200),"69 Cavendish Road, Birmingham, B16 0HT",24,2026-08-22 17:19:56.837187,3b352ff4-8ed7-4ba3-986c-6e91caea0da8,
bronze,ipa,home_addr_line1,character varying(200),7 Coppice RD,24,2026-08-22 17:19:56.837187,3b352ff4-8ed7-4ba3-986c-6e91caea0da8,
bronze,referral,referral_created_by,character varying(100),Adam McVeighty,22,2026-08-22 17:19:56.837187,3b352ff4-8ed7-4ba3-986c-6e91caea0da8,
bronze,referral,referral_created_by,character varying(100),Adam White,22,2026-08-22 17:19:56.837187,3b352ff4-8ed7-4ba3-986c-6e91caea0da8,
bronze,referral,referral_created_by,character varying(100),Georgia Allen,22,2026-08-22 17:19:56.837187,3b352ff4-8ed7-4ba3-986c-6e91caea0da8,
bronze,referral,referral_created_by,character varying(100),Hannah Peters,22,2026-08-22 17:19:56.837187,3b352ff4-8ed7-4ba3-986c-6e91caea0da8,
bronze,referral,referral_created_by,character varying(100),Isabel Pensotes,22,2026-08-22 17:19:56.837187,3b352ff4-8ed7-4ba3-986c-6e91caea0da8,
bronze,referral,referral_created_by,character varying(100),Jennifer Bourne,22,2026-08-22 17:19:56.837187,3b352ff4-8ed7-4ba3-986c-6e91caea0da8,
bronze,referral,referral_created_by,character varying(100),Rebecca Jeffery,22,2026-08-22 17:19:56.837187,3b352ff4-8ed7-4ba3-986c-6e91caea0da8,
bronze,referral,referral_created_by,character varying(100),Regina White,22,2026-08-22 17:19:56.837187,3b352ff4-8ed7-4ba3-986c-6e91caea0da8,
bronze,referral,referral_created_by,character varying(100),Charlene Countinho,22,2026-08-22 17:19:56.837187,3b352ff4-8ed7-4ba3-986c-6e91caea0da8,
bronze,referral,referral_created_by,character varying(100),Charlotte Guy,22,2026-08-22 17:19:56.837187,3b352ff4-8ed7-4ba3-986c-6e91caea0da8,
bronze,referral,referral_created_by,character varying(100),Cheryl Jarrett,22,2026-08-22 17:19:56.837187,3b352ff4-8ed7-4ba3-986c-6e91caea0da8,
bronze,referral,referral_created_by,character varying(100),Claire Differ,22,2026-08-22 17:19:56.837187,3b352ff4-8ed7-4ba3-986c-6e91caea0da8,
bronze,referral,referral_created_by,character varying(100),Claire Geddes,22,2026-08-22 17:19:56.837187,3b352ff4-8ed7-4ba3-986c-6e91caea0da8,
bronze,referral,referral_created_by,character varying(100),Faye Harper,22,2026-08-22 17:19:56.837187,3b352ff4-8ed7-4ba3-986c-6e91caea0da8,
bronze,referral,referral_created_by,character varying(100),Sam Colver,22,2026-08-22 17:19:56.837187,3b352ff4-8ed7-4ba3-986c-6e91caea0da8,
bronze,referral,referral_created_by,character varying(100),Shafique Nazeral,22,2026-08-22 17:19:56.837187,3b352ff4-8ed7-4ba3-986c-6e91caea0da8,
bronze,referral,referral_created_by,character varying(100),Sonia Paul,22,2026-08-22 17:19:56.837187,3b352ff4-8ed7-4ba3-986c-6e91caea0da8,
bronze,referral,referral_created_by,character varying(100),Tracy Read,22,2026-08-22 17:19:56.837187,3b352ff4-8ed7-4ba3-986c-6e91caea0da8,
bronze,referral,referral_created_by,character varying(100),MONIBA AKHTAR,22,2026-08-22 17:19:56.837187,3b352ff4-8ed7-4ba3-986c-6e91caea0da8,
bronze,referral,referral_created_by,character varying(100),Mary McLarnon- Bolton,22,2026-08-22 17:19:56.837187,3b352ff4-8ed7-4ba3-986c-6e91caea0da8,
bronze,referral,referral_created_by,character varying(100),Michael Dodd,22,2026-08-22 17:19:56.837187,3b352ff4-8ed7-4ba3-986c-6e91caea0da8,
bronze,referral,referral_created_by,character varying(100),Nova Morris,22,2026-08-22 17:19:56.837187,3b352ff4-8ed7-4ba3-986c-6e91caea0da8,
bronze,holding_company,county,character varying(100),Derby,35,2026-08-22 17:19:56.837187,3b352ff4-8ed7-4ba3-986c-6e91caea0da8,
bronze,holding_company,county,character varying(100),Droitwich,35,2026-08-22 17:19:56.837187,3b352ff4-8ed7-4ba3-986c-6e91caea0da8,
bronze,holding_company,county,character varying(100),England,35,2026-08-22 17:19:56.837187,3b352ff4-8ed7-4ba3-986c-6e91caea0da8,
bronze,holding_company,county,character varying(100),Essex,35,2026-08-22 17:19:56.837187,3b352ff4-8ed7-4ba3-986c-6e91caea0da8,
bronze,holding_company,county,character varying(100),Lancashire,35,2026-08-22 17:19:56.837187,3b352ff4-8ed7-4ba3-986c-6e91caea0da8,
bronze,holding_company,county,character varying(100),Leicester,35,2026-08-22 17:19:56.837187,3b352ff4-8ed7-4ba3-986c-6e91caea0da8,
bronze,holding_company,county,character varying(100),Leicestershire,35,2026-08-22 17:19:56.837187,3b352ff4-8ed7-4ba3-986c-6e91caea0da8,
bronze,holding_company,county,character varying(100),Lincolnshire,35,2026-08-22 17:19:56.837187,3b352ff4-8ed7-4ba3-986c-6e91caea0da8,
bronze,holding_company,county,character varying(100),Mid Glamorgan,35,2026-08-22 17:19:56.837187,3b352ff4-8ed7-4ba3-986c-6e91caea0da8,
bronze,holding_company,county,character varying(100),Middlesex,35,2026-08-22 17:19:56.837187,3b352ff4-8ed7-4ba3-986c-6e91caea0da8,
bronze,holding_company,county,character varying(100),N/A,35,2026-08-22 17:19:56.837187,3b352ff4-8ed7-4ba3-986c-6e91caea0da8,
bronze,holding_company,county,character varying(100),Norfolk,35,2026-08-22 17:19:56.837187,3b352ff4-8ed7-4ba3-986c-6e91caea0da8,
bronze,holding_company,county,character varying(100),Birmingham,35,2026-08-22 17:19:56.837187,3b352ff4-8ed7-4ba3-986c-6e91caea0da8,
bronze,holding_company,county,character varying(100),Bristol,35,2026-08-22 17:19:56.837187,3b352ff4-8ed7-4ba3-986c-6e91caea0da8,
bronze,holding_company,county,character varying(100),Cheshire,35,2026-08-22 17:19:56.837187,3b352ff4-8ed7-4ba3-986c-6e91caea0da8,
bronze,holding_company,county,character varying(100),Denbighshire,35,2026-08-22 17:19:56.837187,3b352ff4-8ed7-4ba3-986c-6e91caea0da8,
bronze,holding_company,county,character varying(100),Gloucestershire,35,2026-08-22 17:19:56.837187,3b352ff4-8ed7-4ba3-986c-6e91caea0da8,
bronze,holding_company,county,character varying(100),Hertfordshire,35,2026-08-22 17:19:56.837187,3b352ff4-8ed7-4ba3-986c-6e91caea0da8,
bronze,holding_company,county,character varying(100),Kent,35,2026-08-22 17:19:56.837187,3b352ff4-8ed7-4ba3-986c-6e91caea0da8,
bronze,holding_company,county,character varying(100),LANCASHIRE,35,2026-08-22 17:19:56.837187,3b352ff4-8ed7-4ba3-986c-6e91caea0da8,
bronze,holding_company,county,character varying(100),Northamptonshire,35,2026-08-22 17:19:56.837187,3b352ff4-8ed7-4ba3-986c-6e91caea0da8,
bronze,holding_company,county,character varying(100),Shropshire,35,2026-08-22 17:19:56.837187,3b352ff4-8ed7-4ba3-986c-6e91caea0da8,
bronze,holding_company,county,character varying(100),South Yorkshire,35,2026-08-22 17:19:56.837187,3b352ff4-8ed7-4ba3-986c-6e91caea0da8,
bronze,holding_company,county,character varying(100),Stafford,35,2026-08-22 17:19:56.837187,3b352ff4-8ed7-4ba3-986c-6e91caea0da8,
bronze,holding_company,county,character varying(100),Staffordshire,35,2026-08-22 17:19:56.837187,3b352ff4-8ed7-4ba3-986c-6e91caea0da8,
bronze,holding_company,county,character varying(100),Surrey,35,2026-08-22 17:19:56.837187,3b352ff4-8ed7-4ba3-986c-6e91caea0da8,
bronze,holding_company,county,character varying(100),United Kingdom,35,2026-08-22 17:19:56.837187,3b352ff4-8ed7-4ba3-986c-6e91caea0da8,
bronze,holding_company,county,character varying(100),WEST MIDLANDS,35,2026-08-22 17:19:56.837187,3b352ff4-8ed7-4ba3-986c-6e91caea0da8,
bronze,holding_company,county,character varying(100),Warwickshire,35,2026-08-22 17:19:56.837187,3b352ff4-8ed7-4ba3-986c-6e91caea0da8,
bronze,holding_company,county,character varying(100),West Midalnds,35,2026-08-22 17:19:56.837187,3b352ff4-8ed7-4ba3-986c-6e91caea0da8,
bronze,holding_company,county,character varying(100),West Midlands,35,2026-08-22 17:19:56.837187,3b352ff4-8ed7-4ba3-986c-6e91caea0da8,
bronze,holding_company,county,character varying(100),Westmidlands,35,2026-08-22 17:19:56.837187,3b352ff4-8ed7-4ba3-986c-6e91caea0da8,
bronze,holding_company,county,character varying(100),Worcestershire,35,2026-08-22 17:19:56.837187,3b352ff4-8ed7-4ba3-986c-6e91caea0da8,
bronze,holding_company,county,character varying(100),Yorkshire,35,2026-08-22 17:19:56.837187,3b352ff4-8ed7-4ba3-986c-6e91caea0da8,
bronze,holding_company,county,character varying(100),shropshire,35,2026-08-22 17:19:56.837187,3b352ff4-8ed7-4ba3-986c-6e91caea0da8,
bronze,additional_fee,fee_title,character varying(9),Category 1 Support Cost,10,2026-08-22 17:19:56.837187,3b352ff4-8ed7-4ba3-986c-6e91caea0da8,
bronze,additional_fee,fee_title,character varying(9),Category 2 Support Cost,10,2026-08-22 17:19:56.837187,3b352ff4-8ed7-4ba3-986c-6e91caea0da8,
bronze,additional_fee,fee_title,character varying(9),Category 6 Support Cost,10,2026-08-22 17:19:56.837187,3b352ff4-8ed7-4ba3-986c-6e91caea0da8,
bronze,additional_fee,fee_title,character varying(9),One additional Staff Member (Day) Per hour,10,2026-08-22 17:19:56.837187,3b352ff4-8ed7-4ba3-986c-6e91caea0da8,
bronze,additional_fee,fee_title,character varying(9),Category 7 Support Cost,10,2026-08-22 17:19:56.837187,3b352ff4-8ed7-4ba3-986c-6e91caea0da8,
bronze,additional_fee,fee_title,character varying(9),Education Tuition (1-2-1),10,2026-08-22 17:19:56.837187,3b352ff4-8ed7-4ba3-986c-6e91caea0da8,
bronze,additional_fee,fee_title,character varying(9),One additional staff member (Waking Night 11pm - 7am) per hour,10,2026-08-22 17:19:56.837187,3b352ff4-8ed7-4ba3-986c-6e91caea0da8,
bronze,additional_fee,fee_title,character varying(9),One additional staff member (sleep in - 11pm 7am) per hour,10,2026-08-22 17:19:56.837187,3b352ff4-8ed7-4ba3-986c-6e91caea0da8,
bronze,additional_fee,fee_title,character varying(9),Other (please specify),10,2026-08-22 17:19:56.837187,3b352ff4-8ed7-4ba3-986c-6e91caea0da8,
bronze,additional_fee,fee_title,character varying(9),Psychological Counselling,10,2026-08-22 17:19:56.837187,3b352ff4-8ed7-4ba3-986c-6e91caea0da8,
bronze,referral_person,preferred_language,character varying(200),Polish,18,2026-08-22 17:19:56.837187,3b352ff4-8ed7-4ba3-986c-6e91caea0da8,
bronze,referral_person,preferred_language,character varying(200),Somali,18,2026-08-22 17:19:56.837187,3b352ff4-8ed7-4ba3-986c-6e91caea0da8,
bronze,referral_person,preferred_language,character varying(200),Amharic,18,2026-08-22 17:19:56.837187,3b352ff4-8ed7-4ba3-986c-6e91caea0da8,
bronze,referral_person,preferred_language,character varying(200),Arabic,18,2026-08-22 17:19:56.837187,3b352ff4-8ed7-4ba3-986c-6e91caea0da8,
bronze,referral_person,preferred_language,character varying(200),English,18,2026-08-22 17:19:56.837187,3b352ff4-8ed7-4ba3-986c-6e91caea0da8,
bronze,referral_person,preferred_language,character varying(200),Estonian,18,2026-08-22 17:19:56.837187,3b352ff4-8ed7-4ba3-986c-6e91caea0da8,
bronze,referral_person,preferred_language,character varying(200),Kurdish,18,2026-08-22 17:19:56.837187,3b352ff4-8ed7-4ba3-986c-6e91caea0da8,
bronze,referral_person,preferred_language,character varying(200),Language unknown,18,2026-08-22 17:19:56.837187,3b352ff4-8ed7-4ba3-986c-6e91caea0da8,
bronze,referral_person,preferred_language,character varying(200),Other language,18,2026-08-22 17:19:56.837187,3b352ff4-8ed7-4ba3-986c-6e91caea0da8,
bronze,referral_person,preferred_language,character varying(200),Pashto,18,2026-08-22 17:19:56.837187,3b352ff4-8ed7-4ba3-986c-6e91caea0da8,
bronze,referral_person,preferred_language,character varying(200),Farsi or Persian,18,2026-08-22 17:19:56.837187,3b352ff4-8ed7-4ba3-986c-6e91caea0da8,
bronze,referral_person,preferred_language,character varying(200),French,18,2026-08-22 17:19:56.837187,3b352ff4-8ed7-4ba3-986c-6e91caea0da8,
bronze,referral_person,preferred_language,character varying(200),Bengali (with Sylheti or Chatgaya),18,2026-08-22 17:19:56.837187,3b352ff4-8ed7-4ba3-986c-6e91caea0da8,
bronze,referral_person,preferred_language,character varying(200),British Sign Language,18,2026-08-22 17:19:56.837187,3b352ff4-8ed7-4ba3-986c-6e91caea0da8,
bronze,referral_person,preferred_language,character varying(200),Swahili or Kiswahili,18,2026-08-22 17:19:56.837187,3b352ff4-8ed7-4ba3-986c-6e91caea0da8,
bronze,referral_person,preferred_language,character varying(200),Tigrinya,18,2026-08-22 17:19:56.837187,3b352ff4-8ed7-4ba3-986c-6e91caea0da8,
bronze,referral_person,preferred_language,character varying(200),Urdu,18,2026-08-22 17:19:56.837187,3b352ff4-8ed7-4ba3-986c-6e91caea0da8,
bronze,referral_person,preferred_language,character varying(200),Vietnamese,18,2026-08-22 17:19:56.837187,3b352ff4-8ed7-4ba3-986c-6e91caea0da8,
bronze,referral_person,preferred_language_other,character varying(200),Dari,13,2026-08-22 17:19:56.837187,3b352ff4-8ed7-4ba3-986c-6e91caea0da8,
bronze,referral_person,preferred_language_other,character varying(200),Oromo ,13,2026-08-22 17:19:56.837187,3b352ff4-8ed7-4ba3-986c-6e91caea0da8,
bronze,referral_person,preferred_language_other,character varying(200),Sudanese Arabic,13,2026-08-22 17:19:56.837187,3b352ff4-8ed7-4ba3-986c-6e91caea0da8,
bronze,referral_person,preferred_language_other,character varying(200),Somali ,13,2026-08-22 17:19:56.837187,3b352ff4-8ed7-4ba3-986c-6e91caea0da8,
bronze,referral_person,preferred_language_other,character varying(200),Sorani ,13,2026-08-22 17:19:56.837187,3b352ff4-8ed7-4ba3-986c-6e91caea0da8,
bronze,referral_person,preferred_language_other,character varying(200),Sudanese,13,2026-08-22 17:19:56.837187,3b352ff4-8ed7-4ba3-986c-6e91caea0da8,
bronze,referral_person,preferred_language_other,character varying(200),Sudanese ,13,2026-08-22 17:19:56.837187,3b352ff4-8ed7-4ba3-986c-6e91caea0da8,
bronze,referral_person,preferred_language_other,character varying(200),Hazargi/Dari,13,2026-08-22 17:19:56.837187,3b352ff4-8ed7-4ba3-986c-6e91caea0da8,
bronze,referral_person,preferred_language_other,character varying(200),Omaro,13,2026-08-22 17:19:56.837187,3b352ff4-8ed7-4ba3-986c-6e91caea0da8,
bronze,referral_person,preferred_language_other,character varying(200),Sudanese Arabic ,13,2026-08-22 17:19:56.837187,3b352ff4-8ed7-4ba3-986c-6e91caea0da8,
bronze,referral_person,preferred_language_other,character varying(200),Sundanese Arabic ,13,2026-08-22 17:19:56.837187,3b352ff4-8ed7-4ba3-986c-6e91caea0da8,
bronze,referral_person,preferred_language_other,character varying(200),Zaghawa,13,2026-08-22 17:19:56.837187,3b352ff4-8ed7-4ba3-986c-6e91caea0da8,
bronze,referral_person,preferred_language_other,character varying(200),unknown/not stated on PR ,13,2026-08-22 17:19:56.837187,3b352ff4-8ed7-4ba3-986c-6e91caea0da8,
bronze,ipa_child,child_reference_number,character varying(50),PER115931,33,2026-08-22 17:19:56.837187,3b352ff4-8ed7-4ba3-986c-6e91caea0da8,
bronze,ipa_child,child_reference_number,character varying(50),PER130715,33,2026-08-22 17:19:56.837187,3b352ff4-8ed7-4ba3-986c-6e91caea0da8,
bronze,ipa_child,child_reference_number,character varying(50),PER138845,33,2026-08-22 17:19:56.837187,3b352ff4-8ed7-4ba3-986c-6e91caea0da8,
bronze,ipa_child,child_reference_number,character varying(50),PER139824,33,2026-08-22 17:19:56.837187,3b352ff4-8ed7-4ba3-986c-6e91caea0da8,
bronze,ipa_child,child_reference_number,character varying(50),PER148357,33,2026-08-22 17:19:56.837187,3b352ff4-8ed7-4ba3-986c-6e91caea0da8,
bronze,ipa_child,child_reference_number,character varying(50),PER150002,33,2026-08-22 17:19:56.837187,3b352ff4-8ed7-4ba3-986c-6e91caea0da8,
bronze,ipa_child,child_reference_number,character varying(50),PER150345,33,2026-08-22 17:19:56.837187,3b352ff4-8ed7-4ba3-986c-6e91caea0da8,
bronze,ipa_child,child_reference_number,character varying(50),PER198174,33,2026-08-22 17:19:56.837187,3b352ff4-8ed7-4ba3-986c-6e91caea0da8,
bronze,ipa_child,child_reference_number,character varying(50),PER208155,33,2026-08-22 17:19:56.837187,3b352ff4-8ed7-4ba3-986c-6e91caea0da8,
bronze,ipa_child,child_reference_number,character varying(50),PER251122,33,2026-08-22 17:19:56.837187,3b352ff4-8ed7-4ba3-986c-6e91caea0da8,
bronze,ipa_child,child_reference_number,character varying(50),PER276317,33,2026-08-22 17:19:56.837187,3b352ff4-8ed7-4ba3-986c-6e91caea0da8,
bronze,ipa_child,child_reference_number,character varying(50),PER298352,33,2026-08-22 17:19:56.837187,3b352ff4-8ed7-4ba3-986c-6e91caea0da8,
bronze,ipa_child,child_reference_number,character varying(50),PER680069,33,2026-08-22 17:19:56.837187,3b352ff4-8ed7-4ba3-986c-6e91caea0da8,
bronze,ipa_child,child_reference_number,character varying(50),PER691474,33,2026-08-22 17:19:56.837187,3b352ff4-8ed7-4ba3-986c-6e91caea0da8,
bronze,ipa_child,child_reference_number,character varying(50),PER795150,33,2026-08-22 17:19:56.837187,3b352ff4-8ed7-4ba3-986c-6e91caea0da8,
bronze,ipa_child,child_reference_number,character varying(50),PER812234,33,2026-08-22 17:19:56.837187,3b352ff4-8ed7-4ba3-986c-6e91caea0da8,
bronze,ipa_child,child_reference_number,character varying(50),PER821214,33,2026-08-22 17:19:56.837187,3b352ff4-8ed7-4ba3-986c-6e91caea0da8,
bronze,ipa_child,child_reference_number,character varying(50),PER822511,33,2026-08-22 17:19:56.837187,3b352ff4-8ed7-4ba3-986c-6e91caea0da8,
bronze,ipa_child,child_reference_number,character varying(50),PER822530,33,2026-08-22 17:19:56.837187,3b352ff4-8ed7-4ba3-986c-6e91caea0da8,
bronze,ipa_child,child_reference_number,character varying(50),PER822536,33,2026-08-22 17:19:56.837187,3b352ff4-8ed7-4ba3-986c-6e91caea0da8,
bronze,ipa_child,child_reference_number,character varying(50),PER823805,33,2026-08-22 17:19:56.837187,3b352ff4-8ed7-4ba3-986c-6e91caea0da8,
bronze,ipa_child,child_reference_number,character varying(50),PER823822,33,2026-08-22 17:19:56.837187,3b352ff4-8ed7-4ba3-986c-6e91caea0da8,
bronze,ipa_child,child_reference_number,character varying(50),PER828401,33,2026-08-22 17:19:56.837187,3b352ff4-8ed7-4ba3-986c-6e91caea0da8,
bronze,ipa_child,child_reference_number,character varying(50),PER829333,33,2026-08-22 17:19:56.837187,3b352ff4-8ed7-4ba3-986c-6e91caea0da8,
bronze,ipa_child,child_reference_number,character varying(50),PER829632,33,2026-08-22 17:19:56.837187,3b352ff4-8ed7-4ba3-986c-6e91caea0da8,
bronze,ipa_child,child_reference_number,character varying(50),PER2996674,33,2026-08-22 17:19:56.837187,3b352ff4-8ed7-4ba3-986c-6e91caea0da8,
bronze,ipa_child,child_reference_number,character varying(50),PER304309,33,2026-08-22 17:19:56.837187,3b352ff4-8ed7-4ba3-986c-6e91caea0da8,
bronze,ipa_child,child_reference_number,character varying(50),PER310531,33,2026-08-22 17:19:56.837187,3b352ff4-8ed7-4ba3-986c-6e91caea0da8,
bronze,ipa_child,child_reference_number,character varying(50),PER354850,33,2026-08-22 17:19:56.837187,3b352ff4-8ed7-4ba3-986c-6e91caea0da8,
bronze,ipa_child,child_reference_number,character varying(50),1234,33,2026-08-22 17:19:56.837187,3b352ff4-8ed7-4ba3-986c-6e91caea0da8,
bronze,ipa_child,child_reference_number,character varying(50),20253749,33,2026-08-22 17:19:56.837187,3b352ff4-8ed7-4ba3-986c-6e91caea0da8,
bronze,ipa_child,child_reference_number,character varying(50),PER107321,33,2026-08-22 17:19:56.837187,3b352ff4-8ed7-4ba3-986c-6e91caea0da8,
bronze,ipa_child,child_reference_number,character varying(50),PER114762,33,2026-08-22 17:19:56.837187,3b352ff4-8ed7-4ba3-986c-6e91caea0da8,
bronze,provider_education_provision,inspection_outcome_rating,character varying(100),Excellent,5,2026-08-22 17:19:56.837187,3b352ff4-8ed7-4ba3-986c-6e91caea0da8,
bronze,provider_education_provision,inspection_outcome_rating,character varying(100),GOOD,5,2026-08-22 17:19:56.837187,3b352ff4-8ed7-4ba3-986c-6e91caea0da8,
bronze,provider_education_provision,inspection_outcome_rating,character varying(100),Good,5,2026-08-22 17:19:56.837187,3b352ff4-8ed7-4ba3-986c-6e91caea0da8,
bronze,provider_education_provision,inspection_outcome_rating,character varying(100),Not applicable,5,2026-08-22 17:19:56.837187,3b352ff4-8ed7-4ba3-986c-6e91caea0da8,
bronze,provider_education_provision,inspection_outcome_rating,character varying(100),Outstanding,5,2026-08-22 17:19:56.837187,3b352ff4-8ed7-4ba3-986c-6e91caea0da8,
bronze,ipa,provider_company_registration_number,character varying(50),05991685,20,2026-08-22 17:19:56.837187,3b352ff4-8ed7-4ba3-986c-6e91caea0da8,
bronze,ipa,provider_company_registration_number,character varying(50),09673248,20,2026-08-22 17:19:56.837187,3b352ff4-8ed7-4ba3-986c-6e91caea0da8,
bronze,ipa,provider_company_registration_number,character varying(50),11291367,20,2026-08-22 17:19:56.837187,3b352ff4-8ed7-4ba3-986c-6e91caea0da8,
bronze,ipa,provider_company_registration_number,character varying(50),11946754,20,2026-08-22 17:19:56.837187,3b352ff4-8ed7-4ba3-986c-6e91caea0da8,
bronze,ipa,provider_company_registration_number,character varying(50),12617524,20,2026-08-22 17:19:56.837187,3b352ff4-8ed7-4ba3-986c-6e91caea0da8,
bronze,ipa,provider_company_registration_number,character varying(50),12676911,20,2026-08-22 17:19:56.837187,3b352ff4-8ed7-4ba3-986c-6e91caea0da8,
bronze,ipa,provider_company_registration_number,character varying(50),13796244,20,2026-08-22 17:19:56.837187,3b352ff4-8ed7-4ba3-986c-6e91caea0da8,
bronze,ipa,provider_company_registration_number,character varying(50),15047598,20,2026-08-22 17:19:56.837187,3b352ff4-8ed7-4ba3-986c-6e91caea0da8,
bronze,ipa,provider_company_registration_number,character varying(50),15101835,20,2026-08-22 17:19:56.837187,3b352ff4-8ed7-4ba3-986c-6e91caea0da8,
bronze,ipa,provider_company_registration_number,character varying(50),16421235,20,2026-08-22 17:19:56.837187,3b352ff4-8ed7-4ba3-986c-6e91caea0da8,
bronze,ipa,provider_company_registration_number,character varying(50),2995783,20,2026-08-22 17:19:56.837187,3b352ff4-8ed7-4ba3-986c-6e91caea0da8,
bronze,ipa,provider_company_registration_number,character varying(50),6794887,20,2026-08-22 17:19:56.837187,3b352ff4-8ed7-4ba3-986c-6e91caea0da8,
bronze,ipa,provider_company_registration_number,character varying(50),12776720,20,2026-08-22 17:19:56.837187,3b352ff4-8ed7-4ba3-986c-6e91caea0da8,
bronze,ipa,provider_company_registration_number,character varying(50),12890772,20,2026-08-22 17:19:56.837187,3b352ff4-8ed7-4ba3-986c-6e91caea0da8,
bronze,ipa,provider_company_registration_number,character varying(50),13082377,20,2026-08-22 17:19:56.837187,3b352ff4-8ed7-4ba3-986c-6e91caea0da8,
bronze,ipa,provider_company_registration_number,character varying(50),13255302,20,2026-08-22 17:19:56.837187,3b352ff4-8ed7-4ba3-986c-6e91caea0da8,
bronze,ipa,provider_company_registration_number,character varying(50),7945787,20,2026-08-22 17:19:56.837187,3b352ff4-8ed7-4ba3-986c-6e91caea0da8,
bronze,ipa,provider_company_registration_number,character varying(50),8172658,20,2026-08-22 17:19:56.837187,3b352ff4-8ed7-4ba3-986c-6e91caea0da8,
bronze,ipa,provider_company_registration_number,character varying(50),9055343,20,2026-08-22 17:19:56.837187,3b352ff4-8ed7-4ba3-986c-6e91caea0da8,
bronze,ipa,provider_company_registration_number,character varying(50),true,20,2026-08-22 17:19:56.837187,3b352ff4-8ed7-4ba3-986c-6e91caea0da8,
bronze,ipa,registered_manager_registration_number,character varying(150),2510328,20,2026-08-22 17:19:56.837187,3b352ff4-8ed7-4ba3-986c-6e91caea0da8,
bronze,ipa,registered_manager_registration_number,character varying(150),2610371,20,2026-08-22 17:19:56.837187,3b352ff4-8ed7-4ba3-986c-6e91caea0da8,
bronze,ipa,registered_manager_registration_number,character varying(150),2730741,20,2026-08-22 17:19:56.837187,3b352ff4-8ed7-4ba3-986c-6e91caea0da8,
bronze,ipa,registered_manager_registration_number,character varying(150),2746244,20,2026-08-22 17:19:56.837187,3b352ff4-8ed7-4ba3-986c-6e91caea0da8,
bronze,ipa,registered_manager_registration_number,character varying(150),2754527,20,2026-08-22 17:19:56.837187,3b352ff4-8ed7-4ba3-986c-6e91caea0da8,
bronze,ipa,registered_manager_registration_number,character varying(150),2755344,20,2026-08-22 17:19:56.837187,3b352ff4-8ed7-4ba3-986c-6e91caea0da8,
bronze,ipa,registered_manager_registration_number,character varying(150),2765225,20,2026-08-22 17:19:56.837187,3b352ff4-8ed7-4ba3-986c-6e91caea0da8,
bronze,ipa,registered_manager_registration_number,character varying(150),2772912,20,2026-08-22 17:19:56.837187,3b352ff4-8ed7-4ba3-986c-6e91caea0da8,
bronze,ipa,registered_manager_registration_number,character varying(150),2773009,20,2026-08-22 17:19:56.837187,3b352ff4-8ed7-4ba3-986c-6e91caea0da8,
bronze,ipa,registered_manager_registration_number,character varying(150),2776336,20,2026-08-22 17:19:56.837187,3b352ff4-8ed7-4ba3-986c-6e91caea0da8,
bronze,ipa,registered_manager_registration_number,character varying(150),2786408,20,2026-08-22 17:19:56.837187,3b352ff4-8ed7-4ba3-986c-6e91caea0da8,
bronze,ipa,registered_manager_registration_number,character varying(150),2805014,20,2026-08-22 17:19:56.837187,3b352ff4-8ed7-4ba3-986c-6e91caea0da8,
bronze,ipa,registered_manager_registration_number,character varying(150),2755764,20,2026-08-22 17:19:56.837187,3b352ff4-8ed7-4ba3-986c-6e91caea0da8,
bronze,ipa,registered_manager_registration_number,character varying(150),2760448,20,2026-08-22 17:19:56.837187,3b352ff4-8ed7-4ba3-986c-6e91caea0da8,
bronze,ipa,registered_manager_registration_number,character varying(150),2763714,20,2026-08-22 17:19:56.837187,3b352ff4-8ed7-4ba3-986c-6e91caea0da8,
bronze,ipa,registered_manager_registration_number,character varying(150),2763880,20,2026-08-22 17:19:56.837187,3b352ff4-8ed7-4ba3-986c-6e91caea0da8,
bronze,ipa,registered_manager_registration_number,character varying(150),2830923,20,2026-08-22 17:19:56.837187,3b352ff4-8ed7-4ba3-986c-6e91caea0da8,
bronze,ipa,registered_manager_registration_number,character varying(150),2870984,20,2026-08-22 17:19:56.837187,3b352ff4-8ed7-4ba3-986c-6e91caea0da8,
bronze,ipa,registered_manager_registration_number,character varying(150),2875306,20,2026-08-22 17:19:56.837187,3b352ff4-8ed7-4ba3-986c-6e91caea0da8,
bronze,ipa,registered_manager_registration_number,character varying(150),SC064027,20,2026-08-22 17:19:56.837187,3b352ff4-8ed7-4ba3-986c-6e91caea0da8,
bronze,provider_home,inspection_outcome_rating,character varying(100),4. Good,11,2026-08-22 17:19:56.837187,3b352ff4-8ed7-4ba3-986c-6e91caea0da8,
bronze,provider_home,inspection_outcome_rating,character varying(100),6. Excellent,11,2026-08-22 17:19:56.837187,3b352ff4-8ed7-4ba3-986c-6e91caea0da8,
bronze,provider_home,inspection_outcome_rating,character varying(100),GOOD,11,2026-08-22 17:19:56.837187,3b352ff4-8ed7-4ba3-986c-6e91caea0da8,
bronze,provider_home,inspection_outcome_rating,character varying(100),Good,11,2026-08-22 17:19:56.837187,3b352ff4-8ed7-4ba3-986c-6e91caea0da8,
bronze,provider_home,inspection_outcome_rating,character varying(100),Inadequate,11,2026-08-22 17:19:56.837187,3b352ff4-8ed7-4ba3-986c-6e91caea0da8,
bronze,provider_home,inspection_outcome_rating,character varying(100),Not applicable,11,2026-08-22 17:19:56.837187,3b352ff4-8ed7-4ba3-986c-6e91caea0da8,
bronze,provider_home,inspection_outcome_rating,character varying(100),OUTSTANDING,11,2026-08-22 17:19:56.837187,3b352ff4-8ed7-4ba3-986c-6e91caea0da8,
bronze,provider_home,inspection_outcome_rating,character varying(100),Outstanding,11,2026-08-22 17:19:56.837187,3b352ff4-8ed7-4ba3-986c-6e91caea0da8,
bronze,provider_home,inspection_outcome_rating,character varying(100),Requires Improvement,11,2026-08-22 17:19:56.837187,3b352ff4-8ed7-4ba3-986c-6e91caea0da8,
bronze,provider_home,inspection_outcome_rating,character varying(100),good,11,2026-08-22 17:19:56.837187,3b352ff4-8ed7-4ba3-986c-6e91caea0da8,
bronze,provider_home,inspection_outcome_rating,character varying(100),outstanding,11,2026-08-22 17:19:56.837187,3b352ff4-8ed7-4ba3-986c-6e91caea0da8,
bronze,referral_person,ethnicity_other,character varying(200),Somali,16,2026-08-22 17:19:56.837187,3b352ff4-8ed7-4ba3-986c-6e91caea0da8,
bronze,referral_person,ethnicity_other,character varying(200),Somalian,16,2026-08-22 17:19:56.837187,3b352ff4-8ed7-4ba3-986c-6e91caea0da8,
bronze,referral_person,ethnicity_other,character varying(200),Sudan ,16,2026-08-22 17:19:56.837187,3b352ff4-8ed7-4ba3-986c-6e91caea0da8,
bronze,referral_person,ethnicity_other,character varying(200),Sudanese,16,2026-08-22 17:19:56.837187,3b352ff4-8ed7-4ba3-986c-6e91caea0da8,
bronze,referral_person,ethnicity_other,character varying(200),Afghan ,16,2026-08-22 17:19:56.837187,3b352ff4-8ed7-4ba3-986c-6e91caea0da8,
bronze,referral_person,ethnicity_other,character varying(200),Afghanistan,16,2026-08-22 17:19:56.837187,3b352ff4-8ed7-4ba3-986c-6e91caea0da8,
bronze,referral_person,ethnicity_other,character varying(200),Eritrea,16,2026-08-22 17:19:56.837187,3b352ff4-8ed7-4ba3-986c-6e91caea0da8,
bronze,referral_person,ethnicity_other,character varying(200),Iran,16,2026-08-22 17:19:56.837187,3b352ff4-8ed7-4ba3-986c-6e91caea0da8,
bronze,referral_person,ethnicity_other,character varying(200),Iranian,16,2026-08-22 17:19:56.837187,3b352ff4-8ed7-4ba3-986c-6e91caea0da8,
bronze,referral_person,ethnicity_other,character varying(200),Kurdish Iranian,16,2026-08-22 17:19:56.837187,3b352ff4-8ed7-4ba3-986c-6e91caea0da8,
bronze,referral_person,ethnicity_other,character varying(200),Lebanese,16,2026-08-22 17:19:56.837187,3b352ff4-8ed7-4ba3-986c-6e91caea0da8,
bronze,referral_person,ethnicity_other,character varying(200),Lithuanian,16,2026-08-22 17:19:56.837187,3b352ff4-8ed7-4ba3-986c-6e91caea0da8,
bronze,referral_person,ethnicity_other,character varying(200),Vietnamese,16,2026-08-22 17:19:56.837187,3b352ff4-8ed7-4ba3-986c-6e91caea0da8,
bronze,referral_person,ethnicity_other,character varying(200),White and Indian,16,2026-08-22 17:19:56.837187,3b352ff4-8ed7-4ba3-986c-6e91caea0da8,
bronze,referral_person,ethnicity_other,character varying(200),Country of birth Iraq,16,2026-08-22 17:19:56.837187,3b352ff4-8ed7-4ba3-986c-6e91caea0da8,
bronze,referral_person,ethnicity_other,character varying(200),Dual,16,2026-08-22 17:19:56.837187,3b352ff4-8ed7-4ba3-986c-6e91caea0da8,
bronze,provider_home_spot_category,spot_category_code,character varying(9),SPT-FST-1,11,2026-08-22 17:19:56.837187,3b352ff4-8ed7-4ba3-986c-6e91caea0da8,
bronze,provider_home_spot_category,spot_category_code,character varying(9),SPT-FST-2,11,2026-08-22 17:19:56.837187,3b352ff4-8ed7-4ba3-986c-6e91caea0da8,
bronze,provider_home_spot_category,spot_category_code,character varying(9),SPT-FST-5,11,2026-08-22 17:19:56.837187,3b352ff4-8ed7-4ba3-986c-6e91caea0da8,
bronze,provider_home_spot_category,spot_category_code,character varying(9),SPT-FST-6,11,2026-08-22 17:19:56.837187,3b352ff4-8ed7-4ba3-986c-6e91caea0da8,
bronze,provider_home_spot_category,spot_category_code,character varying(9),SPT-SPA-2,11,2026-08-22 17:19:56.837187,3b352ff4-8ed7-4ba3-986c-6e91caea0da8,
bronze,provider_home_spot_category,spot_category_code,character varying(9),SPT-FST-3,11,2026-08-22 17:19:56.837187,3b352ff4-8ed7-4ba3-986c-6e91caea0da8,
bronze,provider_home_spot_category,spot_category_code,character varying(9),SPT-FST-4,11,2026-08-22 17:19:56.837187,3b352ff4-8ed7-4ba3-986c-6e91caea0da8,
bronze,provider_home_spot_category,spot_category_code,character varying(9),SPT-FST-7,11,2026-08-22 17:19:56.837187,3b352ff4-8ed7-4ba3-986c-6e91caea0da8,
bronze,provider_home_spot_category,spot_category_code,character varying(9),SPT-SPA-1,11,2026-08-22 17:19:56.837187,3b352ff4-8ed7-4ba3-986c-6e91caea0da8,
bronze,provider_home_spot_category,spot_category_code,character varying(9),SPT-SPA-3,11,2026-08-22 17:19:56.837187,3b352ff4-8ed7-4ba3-986c-6e91caea0da8,
bronze,provider_home_spot_category,spot_category_code,character varying(9),SPT-SPA-4,11,2026-08-22 17:19:56.837187,3b352ff4-8ed7-4ba3-986c-6e91caea0da8,
bronze,ipa,placement_category,character varying(120),Emotional and behavioural difficulties,1,2026-08-22 17:19:56.837187,3b352ff4-8ed7-4ba3-986c-6e91caea0da8,
bronze,offer,decline_reason,character varying(500),Costs,7,2026-08-22 17:19:56.837187,3b352ff4-8ed7-4ba3-986c-6e91caea0da8,
bronze,offer,decline_reason,character varying(500),Other,7,2026-08-22 17:19:56.837187,3b352ff4-8ed7-4ba3-986c-6e91caea0da8,
bronze,offer,decline_reason,character varying(500),Alternative placement type made,7,2026-08-22 17:19:56.837187,3b352ff4-8ed7-4ba3-986c-6e91caea0da8,
bronze,offer,decline_reason,character varying(500),Quality & Outcomes,7,2026-08-22 17:19:56.837187,3b352ff4-8ed7-4ba3-986c-6e91caea0da8,
bronze,offer,decline_reason,character varying(500),Withdrawn by Social Worker,7,2026-08-22 17:19:56.837187,3b352ff4-8ed7-4ba3-986c-6e91caea0da8,
bronze,offer,decline_reason,character varying(500),Wrong location,7,2026-08-22 17:19:56.837187,3b352ff4-8ed7-4ba3-986c-6e91caea0da8,
bronze,offer,decline_reason,character varying(500),Change of placement request/ provision type,7,2026-08-22 17:19:56.837187,3b352ff4-8ed7-4ba3-986c-6e91caea0da8,
bronze,referral_person,gender_other,character varying(200),Baby is unborn yet ,4,2026-08-22 17:19:56.837187,3b352ff4-8ed7-4ba3-986c-6e91caea0da8,
bronze,referral_person,gender_other,character varying(200),Female changing to male,4,2026-08-22 17:19:56.837187,3b352ff4-8ed7-4ba3-986c-6e91caea0da8,
bronze,referral_person,gender_other,character varying(200),prefers not to discuss,4,2026-08-22 17:19:56.837187,3b352ff4-8ed7-4ba3-986c-6e91caea0da8,
bronze,referral_person,gender_other,character varying(200),unknown baby not born ,4,2026-08-22 17:19:56.837187,3b352ff4-8ed7-4ba3-986c-6e91caea0da8,
bronze,provider,inspection_outcome_rating,character varying(100),GOOD,8,2026-08-22 17:19:56.837187,3b352ff4-8ed7-4ba3-986c-6e91caea0da8,
bronze,provider,inspection_outcome_rating,character varying(100),Good,8,2026-08-22 17:19:56.837187,3b352ff4-8ed7-4ba3-986c-6e91caea0da8,
bronze,provider,inspection_outcome_rating,character varying(100),Inadequate,8,2026-08-22 17:19:56.837187,3b352ff4-8ed7-4ba3-986c-6e91caea0da8,
bronze,provider,inspection_outcome_rating,character varying(100),Outstanding,8,2026-08-22 17:19:56.837187,3b352ff4-8ed7-4ba3-986c-6e91caea0da8,
bronze,provider,inspection_outcome_rating,character varying(100),Requires Improvement,8,2026-08-22 17:19:56.837187,3b352ff4-8ed7-4ba3-986c-6e91caea0da8,
bronze,provider,inspection_outcome_rating,character varying(100),good,8,2026-08-22 17:19:56.837187,3b352ff4-8ed7-4ba3-986c-6e91caea0da8,
bronze,provider,inspection_outcome_rating,character varying(100),outstanding,8,2026-08-22 17:19:56.837187,3b352ff4-8ed7-4ba3-986c-6e91caea0da8,
bronze,provider,inspection_outcome_rating,character varying(100),requires-improvement,8,2026-08-22 17:19:56.837187,3b352ff4-8ed7-4ba3-986c-6e91caea0da8,
bronze,foster_home,town_or_city,character varying(100), Stratford Upon Avon,12,2026-08-22 17:19:56.837187,3b352ff4-8ed7-4ba3-986c-6e91caea0da8,
bronze,foster_home,town_or_city,character varying(100),Brownhills,12,2026-08-22 17:19:56.837187,3b352ff4-8ed7-4ba3-986c-6e91caea0da8,
bronze,foster_home,town_or_city,character varying(100),Great Barr,12,2026-08-22 17:19:56.837187,3b352ff4-8ed7-4ba3-986c-6e91caea0da8,
bronze,foster_home,town_or_city,character varying(100),Redditch ,12,2026-08-22 17:19:56.837187,3b352ff4-8ed7-4ba3-986c-6e91caea0da8,
bronze,foster_home,town_or_city,character varying(100),Birmingham,12,2026-08-22 17:19:56.837187,3b352ff4-8ed7-4ba3-986c-6e91caea0da8,
bronze,foster_home,town_or_city,character varying(100),Birmingham ,12,2026-08-22 17:19:56.837187,3b352ff4-8ed7-4ba3-986c-6e91caea0da8,
bronze,foster_home,town_or_city,character varying(100),Derby,12,2026-08-22 17:19:56.837187,3b352ff4-8ed7-4ba3-986c-6e91caea0da8,
bronze,foster_home,town_or_city,character varying(100),Erdington,12,2026-08-22 17:19:56.837187,3b352ff4-8ed7-4ba3-986c-6e91caea0da8,
bronze,foster_home,town_or_city,character varying(100),Leicestershire,12,2026-08-22 17:19:56.837187,3b352ff4-8ed7-4ba3-986c-6e91caea0da8,
bronze,foster_home,town_or_city,character varying(100),Quinton,12,2026-08-22 17:19:56.837187,3b352ff4-8ed7-4ba3-986c-6e91caea0da8,
bronze,foster_home,town_or_city,character varying(100),Stratford Upon Avon,12,2026-08-22 17:19:56.837187,3b352ff4-8ed7-4ba3-986c-6e91caea0da8,
bronze,foster_home,town_or_city,character varying(100),Telford,12,2026-08-22 17:19:56.837187,3b352ff4-8ed7-4ba3-986c-6e91caea0da8,
bronze,ipa_child,expected_destination_after_placement,character varying(120),PLE-1,7,2026-08-22 17:19:56.837187,3b352ff4-8ed7-4ba3-986c-6e91caea0da8,
bronze,ipa_child,expected_destination_after_placement,character varying(120),PLE-10,7,2026-08-22 17:19:56.837187,3b352ff4-8ed7-4ba3-986c-6e91caea0da8,
bronze,ipa_child,expected_destination_after_placement,character varying(120),PLE-11,7,2026-08-22 17:19:56.837187,3b352ff4-8ed7-4ba3-986c-6e91caea0da8,
bronze,ipa_child,expected_destination_after_placement,character varying(120),PLE-3,7,2026-08-22 17:19:56.837187,3b352ff4-8ed7-4ba3-986c-6e91caea0da8,
bronze,ipa_child,expected_destination_after_placement,character varying(120),PLE-6,7,2026-08-22 17:19:56.837187,3b352ff4-8ed7-4ba3-986c-6e91caea0da8,
bronze,ipa_child,expected_destination_after_placement,character varying(120),PLE-7,7,2026-08-22 17:19:56.837187,3b352ff4-8ed7-4ba3-986c-6e91caea0da8,
bronze,ipa_child,expected_destination_after_placement,character varying(120),PLE-9,7,2026-08-22 17:19:56.837187,3b352ff4-8ed7-4ba3-986c-6e91caea0da8,
bronze,ipa,schedule_addr_line1,character varying(200),Children's Placements Service,1,2026-08-22 17:19:56.837187,3b352ff4-8ed7-4ba3-986c-6e91caea0da8,
bronze,ipa,provider_addr_line2,character varying(200),22 Chester Road,10,2026-08-22 17:19:56.837187,3b352ff4-8ed7-4ba3-986c-6e91caea0da8,
bronze,ipa,provider_addr_line2,character varying(200),82 Oxford Road,10,2026-08-22 17:19:56.837187,3b352ff4-8ed7-4ba3-986c-6e91caea0da8,
bronze,ipa,provider_addr_line2,character varying(200),Campbell Road,10,2026-08-22 17:19:56.837187,3b352ff4-8ed7-4ba3-986c-6e91caea0da8,
bronze,ipa,provider_addr_line2,character varying(200),Harborne Lane,10,2026-08-22 17:19:56.837187,3b352ff4-8ed7-4ba3-986c-6e91caea0da8,
bronze,ipa,provider_addr_line2,character varying(200),Hockley,10,2026-08-22 17:19:56.837187,3b352ff4-8ed7-4ba3-986c-6e91caea0da8,
bronze,ipa,provider_addr_line2,character varying(200),Moseley,10,2026-08-22 17:19:56.837187,3b352ff4-8ed7-4ba3-986c-6e91caea0da8,
bronze,ipa,provider_addr_line2,character varying(200),Festival Way,10,2026-08-22 17:19:56.837187,3b352ff4-8ed7-4ba3-986c-6e91caea0da8,
bronze,ipa,provider_addr_line2,character varying(200),Handsworth Wood,10,2026-08-22 17:19:56.837187,3b352ff4-8ed7-4ba3-986c-6e91caea0da8,
bronze,ipa,provider_addr_line2,character varying(200),New Road,10,2026-08-22 17:19:56.837187,3b352ff4-8ed7-4ba3-986c-6e91caea0da8,
bronze,ipa,provider_addr_line2,character varying(200),Poole Street,10,2026-08-22 17:19:56.837187,3b352ff4-8ed7-4ba3-986c-6e91caea0da8,
bronze,ipa,invoice_addr_line1,character varying(200),Children's Placements Service,1,2026-08-22 17:19:56.837187,3b352ff4-8ed7-4ba3-986c-6e91caea0da8,
bronze,ipa,provider_addr_town,character varying(100),Birmingham,11,2026-08-22 17:19:56.837187,3b352ff4-8ed7-4ba3-986c-6e91caea0da8,
bronze,ipa,provider_addr_town,character varying(100),Kidderminster,11,2026-08-22 17:19:56.837187,3b352ff4-8ed7-4ba3-986c-6e91caea0da8,
bronze,ipa,provider_addr_town,character varying(100),Stoke on Trent,11,2026-08-22 17:19:56.837187,3b352ff4-8ed7-4ba3-986c-6e91caea0da8,
bronze,ipa,provider_addr_town,character varying(100),Sutton Coldfield,11,2026-08-22 17:19:56.837187,3b352ff4-8ed7-4ba3-986c-6e91caea0da8,
bronze,ipa,provider_addr_town,character varying(100),West Bromwich,11,2026-08-22 17:19:56.837187,3b352ff4-8ed7-4ba3-986c-6e91caea0da8,
bronze,ipa,provider_addr_town,character varying(100),Uxbridge,11,2026-08-22 17:19:56.837187,3b352ff4-8ed7-4ba3-986c-6e91caea0da8,
bronze,ipa,provider_addr_town,character varying(100),Walsall,11,2026-08-22 17:19:56.837187,3b352ff4-8ed7-4ba3-986c-6e91caea0da8,
bronze,ipa,provider_addr_town,character varying(100),Wolverhampton,11,2026-08-22 17:19:56.837187,3b352ff4-8ed7-4ba3-986c-6e91caea0da8,
bronze,ipa,provider_addr_town,character varying(100),Worcester,11,2026-08-22 17:19:56.837187,3b352ff4-8ed7-4ba3-986c-6e91caea0da8,
bronze,ipa,provider_addr_town,character varying(100),Newcastle under Lyme,11,2026-08-22 17:19:56.837187,3b352ff4-8ed7-4ba3-986c-6e91caea0da8,
bronze,ipa,provider_addr_town,character varying(100),Solihull,11,2026-08-22 17:19:56.837187,3b352ff4-8ed7-4ba3-986c-6e91caea0da8,
bronze,ipa_additional_fee,fee_type,character varying(200),Category 7 Support Cost,1,2026-08-22 17:19:56.837187,3b352ff4-8ed7-4ba3-986c-6e91caea0da8,
bronze,foster_transport,family_transport_provision,character varying(20),NOTNEEDED,2,2026-08-22 17:19:56.837187,3b352ff4-8ed7-4ba3-986c-6e91caea0da8,
bronze,foster_transport,family_transport_provision,character varying(20),YES,2,2026-08-22 17:19:56.837187,3b352ff4-8ed7-4ba3-986c-6e91caea0da8,
bronze,ipa_child,child_preferred_language,character varying(80),LANG-ARAB,8,2026-08-22 17:19:56.837187,3b352ff4-8ed7-4ba3-986c-6e91caea0da8,
bronze,ipa_child,child_preferred_language,character varying(80),LANG-ENGL,8,2026-08-22 17:19:56.837187,3b352ff4-8ed7-4ba3-986c-6e91caea0da8,
bronze,ipa_child,child_preferred_language,character varying(80),LANG-KURD,8,2026-08-22 17:19:56.837187,3b352ff4-8ed7-4ba3-986c-6e91caea0da8,
bronze,ipa_child,child_preferred_language,character varying(80),LANG-OTHE,8,2026-08-22 17:19:56.837187,3b352ff4-8ed7-4ba3-986c-6e91caea0da8,
bronze,ipa_child,child_preferred_language,character varying(80),LANG-PASH,8,2026-08-22 17:19:56.837187,3b352ff4-8ed7-4ba3-986c-6e91caea0da8,
bronze,ipa_child,child_preferred_language,character varying(80),LANG-POLI,8,2026-08-22 17:19:56.837187,3b352ff4-8ed7-4ba3-986c-6e91caea0da8,
bronze,ipa_child,child_preferred_language,character varying(80),LANG-SOMA,8,2026-08-22 17:19:56.837187,3b352ff4-8ed7-4ba3-986c-6e91caea0da8,
bronze,ipa_child,child_preferred_language,character varying(80),LANG-URDU,8,2026-08-22 17:19:56.837187,3b352ff4-8ed7-4ba3-986c-6e91caea0da8,
bronze,ipa_additional_fee,title,character varying(300),Category 7 Support Cost,1,2026-08-22 17:19:56.837187,3b352ff4-8ed7-4ba3-986c-6e91caea0da8,
bronze,foster_transport,school_transport_provision,character varying(20),NO,3,2026-08-22 17:19:56.837187,3b352ff4-8ed7-4ba3-986c-6e91caea0da8,
bronze,foster_transport,school_transport_provision,character varying(20),NOTNEEDED,3,2026-08-22 17:19:56.837187,3b352ff4-8ed7-4ba3-986c-6e91caea0da8,
bronze,foster_transport,school_transport_provision,character varying(20),YES,3,2026-08-22 17:19:56.837187,3b352ff4-8ed7-4ba3-986c-6e91caea0da8,
bronze,ipa,placement_service_type,character varying(120),Fostering,3,2026-08-22 17:19:56.837187,3b352ff4-8ed7-4ba3-986c-6e91caea0da8,
bronze,ipa,placement_service_type,character varying(120),Residential,3,2026-08-22 17:19:56.837187,3b352ff4-8ed7-4ba3-986c-6e91caea0da8,
bronze,ipa,placement_service_type,character varying(120),Supported Accommodation,3,2026-08-22 17:19:56.837187,3b352ff4-8ed7-4ba3-986c-6e91caea0da8,
bronze,ipa_child,child_ethnicity,character varying(100),ETHN-AABP,12,2026-08-22 17:19:56.837187,3b352ff4-8ed7-4ba3-986c-6e91caea0da8,
bronze,ipa_child,child_ethnicity,character varying(100),ETHN-ARAB,12,2026-08-22 17:19:56.837187,3b352ff4-8ed7-4ba3-986c-6e91caea0da8,
bronze,ipa_child,child_ethnicity,character varying(100),ETHN-BBBA,12,2026-08-22 17:19:56.837187,3b352ff4-8ed7-4ba3-986c-6e91caea0da8,
bronze,ipa_child,child_ethnicity,character varying(100),ETHN-BBBC,12,2026-08-22 17:19:56.837187,3b352ff4-8ed7-4ba3-986c-6e91caea0da8,
bronze,ipa_child,child_ethnicity,character varying(100),ETHN-MWBA,12,2026-08-22 17:19:56.837187,3b352ff4-8ed7-4ba3-986c-6e91caea0da8,
bronze,ipa_child,child_ethnicity,character varying(100),ETHN-MWBC,12,2026-08-22 17:19:56.837187,3b352ff4-8ed7-4ba3-986c-6e91caea0da8,
bronze,ipa_child,child_ethnicity,character varying(100),ETHN-OTAB,12,2026-08-22 17:19:56.837187,3b352ff4-8ed7-4ba3-986c-6e91caea0da8,
bronze,ipa_child,child_ethnicity,character varying(100),ETHN-OTBB,12,2026-08-22 17:19:56.837187,3b352ff4-8ed7-4ba3-986c-6e91caea0da8,
bronze,ipa_child,child_ethnicity,character varying(100),ETHN-OTEG,12,2026-08-22 17:19:56.837187,3b352ff4-8ed7-4ba3-986c-6e91caea0da8,
bronze,ipa_child,child_ethnicity,character varying(100),ETHN-OTWB,12,2026-08-22 17:19:56.837187,3b352ff4-8ed7-4ba3-986c-6e91caea0da8,
bronze,ipa_child,child_ethnicity,character varying(100),ETHN-WHBR,12,2026-08-22 17:19:56.837187,3b352ff4-8ed7-4ba3-986c-6e91caea0da8,
bronze,ipa_child,child_ethnicity,character varying(100),ETHN-WHIR,12,2026-08-22 17:19:56.837187,3b352ff4-8ed7-4ba3-986c-6e91caea0da8,
bronze,ipa,la_addr_line1,character varying(200),4th Floor Parkview,2,2026-08-22 17:19:56.837187,3b352ff4-8ed7-4ba3-986c-6e91caea0da8,
bronze,ipa,la_addr_line1,character varying(200),Children's Placements Service,2,2026-08-22 17:19:56.837187,3b352ff4-8ed7-4ba3-986c-6e91caea0da8,
bronze,referral,placement_type,character varying(120),Fostering,3,2026-08-22 17:19:56.837187,3b352ff4-8ed7-4ba3-986c-6e91caea0da8,
bronze,referral,placement_type,character varying(120),Residential,3,2026-08-22 17:19:56.837187,3b352ff4-8ed7-4ba3-986c-6e91caea0da8,
bronze,referral,placement_type,character varying(120),Supported Accommodation,3,2026-08-22 17:19:56.837187,3b352ff4-8ed7-4ba3-986c-6e91caea0da8,
bronze,ipa,schedule_addr_line2,character varying(200),"1 Avenue Road, Aston",1,2026-08-22 17:19:56.837187,3b352ff4-8ed7-4ba3-986c-6e91caea0da8,
bronze,ipa_child,child_legal_status,character varying(100),Full Care Order,2,2026-08-22 17:19:56.837187,3b352ff4-8ed7-4ba3-986c-6e91caea0da8,
bronze,ipa_child,child_legal_status,character varying(100),Section 20,2,2026-08-22 17:19:56.837187,3b352ff4-8ed7-4ba3-986c-6e91caea0da8,
bronze,ipa,home_addr_town,character varying(100),Birmingham,10,2026-08-22 17:19:56.837187,3b352ff4-8ed7-4ba3-986c-6e91caea0da8,
bronze,ipa,home_addr_town,character varying(100),Dudley,10,2026-08-22 17:19:56.837187,3b352ff4-8ed7-4ba3-986c-6e91caea0da8,
bronze,ipa,home_addr_town,character varying(100),Oldbury,10,2026-08-22 17:19:56.837187,3b352ff4-8ed7-4ba3-986c-6e91caea0da8,
bronze,ipa,home_addr_town,character varying(100),Sandwell,10,2026-08-22 17:19:56.837187,3b352ff4-8ed7-4ba3-986c-6e91caea0da8,
bronze,ipa,home_addr_town,character varying(100),Cradley Heath,10,2026-08-22 17:19:56.837187,3b352ff4-8ed7-4ba3-986c-6e91caea0da8,
bronze,ipa,home_addr_town,character varying(100),Smethwick,10,2026-08-22 17:19:56.837187,3b352ff4-8ed7-4ba3-986c-6e91caea0da8,
bronze,ipa,home_addr_town,character varying(100),Leek,10,2026-08-22 17:19:56.837187,3b352ff4-8ed7-4ba3-986c-6e91caea0da8,
bronze,ipa,home_addr_town,character varying(100),Newcastle,10,2026-08-22 17:19:56.837187,3b352ff4-8ed7-4ba3-986c-6e91caea0da8,
bronze,ipa,home_addr_town,character varying(100),Stoke-On-Trent,10,2026-08-22 17:19:56.837187,3b352ff4-8ed7-4ba3-986c-6e91caea0da8,
bronze,ipa,home_addr_town,character varying(100),Worcester,10,2026-08-22 17:19:56.837187,3b352ff4-8ed7-4ba3-986c-6e91caea0da8,
bronze,ipa,invoice_addr_line2,character varying(200),"1 Avenue Road, Aston",1,2026-08-22 17:19:56.837187,3b352ff4-8ed7-4ba3-986c-6e91caea0da8,
bronze,provider_framework,framework_code,character varying(10),FOST-24,3,2026-08-22 17:19:56.837187,3b352ff4-8ed7-4ba3-986c-6e91caea0da8,
bronze,provider_framework,framework_code,character varying(10),RESI-24,3,2026-08-22 17:19:56.837187,3b352ff4-8ed7-4ba3-986c-6e91caea0da8,
bronze,provider_framework,framework_code,character varying(10),SUPA-24,3,2026-08-22 17:19:56.837187,3b352ff4-8ed7-4ba3-986c-6e91caea0da8,
bronze,framework_category,framework_code,character varying(10),FOST-24,3,2026-08-22 17:19:56.837187,3b352ff4-8ed7-4ba3-986c-6e91caea0da8,
bronze,framework_category,framework_code,character varying(10),RESI-24,3,2026-08-22 17:19:56.837187,3b352ff4-8ed7-4ba3-986c-6e91caea0da8,
bronze,framework_category,framework_code,character varying(10),SUPA-24,3,2026-08-22 17:19:56.837187,3b352ff4-8ed7-4ba3-986c-6e91caea0da8,
bronze,ipa,provider_urn,character varying(50),2510328,20,2026-08-22 17:19:56.837187,3b352ff4-8ed7-4ba3-986c-6e91caea0da8,
bronze,ipa,provider_urn,character varying(50),2610371,20,2026-08-22 17:19:56.837187,3b352ff4-8ed7-4ba3-986c-6e91caea0da8,
bronze,ipa,provider_urn,character varying(50),2730741,20,2026-08-22 17:19:56.837187,3b352ff4-8ed7-4ba3-986c-6e91caea0da8,
bronze,ipa,provider_urn,character varying(50),2746244,20,2026-08-22 17:19:56.837187,3b352ff4-8ed7-4ba3-986c-6e91caea0da8,
bronze,ipa,provider_urn,character varying(50),2754527,20,2026-08-22 17:19:56.837187,3b352ff4-8ed7-4ba3-986c-6e91caea0da8,
bronze,ipa,provider_urn,character varying(50),2755344,20,2026-08-22 17:19:56.837187,3b352ff4-8ed7-4ba3-986c-6e91caea0da8,
bronze,ipa,provider_urn,character varying(50),2765225,20,2026-08-22 17:19:56.837187,3b352ff4-8ed7-4ba3-986c-6e91caea0da8,
bronze,ipa,provider_urn,character varying(50),2772912,20,2026-08-22 17:19:56.837187,3b352ff4-8ed7-4ba3-986c-6e91caea0da8,
bronze,ipa,provider_urn,character varying(50),2773009,20,2026-08-22 17:19:56.837187,3b352ff4-8ed7-4ba3-986c-6e91caea0da8,
bronze,ipa,provider_urn,character varying(50),2776336,20,2026-08-22 17:19:56.837187,3b352ff4-8ed7-4ba3-986c-6e91caea0da8,
bronze,ipa,provider_urn,character varying(50),2786408,20,2026-08-22 17:19:56.837187,3b352ff4-8ed7-4ba3-986c-6e91caea0da8,
bronze,ipa,provider_urn,character varying(50),2805014,20,2026-08-22 17:19:56.837187,3b352ff4-8ed7-4ba3-986c-6e91caea0da8,
bronze,ipa,provider_urn,character varying(50),2755764,20,2026-08-22 17:19:56.837187,3b352ff4-8ed7-4ba3-986c-6e91caea0da8,
bronze,ipa,provider_urn,character varying(50),2760448,20,2026-08-22 17:19:56.837187,3b352ff4-8ed7-4ba3-986c-6e91caea0da8,
bronze,ipa,provider_urn,character varying(50),2763714,20,2026-08-22 17:19:56.837187,3b352ff4-8ed7-4ba3-986c-6e91caea0da8,
bronze,ipa,provider_urn,character varying(50),2763880,20,2026-08-22 17:19:56.837187,3b352ff4-8ed7-4ba3-986c-6e91caea0da8,
bronze,ipa,provider_urn,character varying(50),2830923,20,2026-08-22 17:19:56.837187,3b352ff4-8ed7-4ba3-986c-6e91caea0da8,
bronze,ipa,provider_urn,character varying(50),2870984,20,2026-08-22 17:19:56.837187,3b352ff4-8ed7-4ba3-986c-6e91caea0da8,
bronze,ipa,provider_urn,character varying(50),2875306,20,2026-08-22 17:19:56.837187,3b352ff4-8ed7-4ba3-986c-6e91caea0da8,
bronze,ipa,provider_urn,character varying(50),SC064027,20,2026-08-22 17:19:56.837187,3b352ff4-8ed7-4ba3-986c-6e91caea0da8,
bronze,foster_home,county,character varying(100),Birmingham,8,2026-08-22 17:19:56.837187,3b352ff4-8ed7-4ba3-986c-6e91caea0da8,
bronze,foster_home,county,character varying(100),DERBYSHIRE,8,2026-08-22 17:19:56.837187,3b352ff4-8ed7-4ba3-986c-6e91caea0da8,
bronze,foster_home,county,character varying(100),Shropshire,8,2026-08-22 17:19:56.837187,3b352ff4-8ed7-4ba3-986c-6e91caea0da8,
bronze,foster_home,county,character varying(100),WEST MIDLANDS,8,2026-08-22 17:19:56.837187,3b352ff4-8ed7-4ba3-986c-6e91caea0da8,
bronze,foster_home,county,character varying(100),Warwickshire,8,2026-08-22 17:19:56.837187,3b352ff4-8ed7-4ba3-986c-6e91caea0da8,
bronze,foster_home,county,character varying(100),Warwickshire ,8,2026-08-22 17:19:56.837187,3b352ff4-8ed7-4ba3-986c-6e91caea0da8,
bronze,foster_home,county,character varying(100),West Midlands,8,2026-08-22 17:19:56.837187,3b352ff4-8ed7-4ba3-986c-6e91caea0da8,
bronze,foster_home,county,character varying(100),Worcestershire,8,2026-08-22 17:19:56.837187,3b352ff4-8ed7-4ba3-986c-6e91caea0da8,
bronze,referral_person,religion,character varying(200),Buddhist,8,2026-08-22 17:19:56.837187,3b352ff4-8ed7-4ba3-986c-6e91caea0da8,
bronze,referral_person,religion,character varying(200),Christian,8,2026-08-22 17:19:56.837187,3b352ff4-8ed7-4ba3-986c-6e91caea0da8,
bronze,referral_person,religion,character varying(200),Hindu,8,2026-08-22 17:19:56.837187,3b352ff4-8ed7-4ba3-986c-6e91caea0da8,
bronze,referral_person,religion,character varying(200),Muslim,8,2026-08-22 17:19:56.837187,3b352ff4-8ed7-4ba3-986c-6e91caea0da8,
bronze,referral_person,religion,character varying(200),No religion,8,2026-08-22 17:19:56.837187,3b352ff4-8ed7-4ba3-986c-6e91caea0da8,
bronze,referral_person,religion,character varying(200),Other religion,8,2026-08-22 17:19:56.837187,3b352ff4-8ed7-4ba3-986c-6e91caea0da8,
bronze,referral_person,religion,character varying(200),Religion unknown,8,2026-08-22 17:19:56.837187,3b352ff4-8ed7-4ba3-986c-6e91caea0da8,
bronze,referral_person,religion,character varying(200),Sikh,8,2026-08-22 17:19:56.837187,3b352ff4-8ed7-4ba3-986c-6e91caea0da8,
bronze,foster_carer,ethnicity_code,character varying(9),ETHN-AABB,7,2026-08-22 17:19:56.837187,3b352ff4-8ed7-4ba3-986c-6e91caea0da8,
bronze,foster_carer,ethnicity_code,character varying(9),ETHN-AABP,7,2026-08-22 17:19:56.837187,3b352ff4-8ed7-4ba3-986c-6e91caea0da8,
bronze,foster_carer,ethnicity_code,character varying(9),ETHN-BBBA,7,2026-08-22 17:19:56.837187,3b352ff4-8ed7-4ba3-986c-6e91caea0da8,
bronze,foster_carer,ethnicity_code,character varying(9),ETHN-BBBC,7,2026-08-22 17:19:56.837187,3b352ff4-8ed7-4ba3-986c-6e91caea0da8,
bronze,foster_carer,ethnicity_code,character varying(9),ETHN-MWBC,7,2026-08-22 17:19:56.837187,3b352ff4-8ed7-4ba3-986c-6e91caea0da8,
bronze,foster_carer,ethnicity_code,character varying(9),ETHN-OTMB,7,2026-08-22 17:19:56.837187,3b352ff4-8ed7-4ba3-986c-6e91caea0da8,
bronze,foster_carer,ethnicity_code,character varying(9),ETHN-WHBR,7,2026-08-22 17:19:56.837187,3b352ff4-8ed7-4ba3-986c-6e91caea0da8,
bronze,ipa,provider_addr_county,character varying(200),Staffordshire,2,2026-08-22 17:19:56.837187,3b352ff4-8ed7-4ba3-986c-6e91caea0da8,
bronze,ipa,provider_addr_county,character varying(200),West Midlands,2,2026-08-22 17:19:56.837187,3b352ff4-8ed7-4ba3-986c-6e91caea0da8,
bronze,ipa,home_addr_line2,character varying(200),Handsworth Wood,7,2026-08-22 17:19:56.837187,3b352ff4-8ed7-4ba3-986c-6e91caea0da8,
bronze,ipa,home_addr_line2,character varying(200),Moseley,7,2026-08-22 17:19:56.837187,3b352ff4-8ed7-4ba3-986c-6e91caea0da8,
bronze,ipa,home_addr_line2,character varying(200),Birmingham,7,2026-08-22 17:19:56.837187,3b352ff4-8ed7-4ba3-986c-6e91caea0da8,
bronze,ipa,home_addr_line2,character varying(200),Erdington,7,2026-08-22 17:19:56.837187,3b352ff4-8ed7-4ba3-986c-6e91caea0da8,
bronze,ipa,home_addr_line2,character varying(200),Handsworth,7,2026-08-22 17:19:56.837187,3b352ff4-8ed7-4ba3-986c-6e91caea0da8,
bronze,ipa,home_addr_line2,character varying(200),Northfield,7,2026-08-22 17:19:56.837187,3b352ff4-8ed7-4ba3-986c-6e91caea0da8,
bronze,ipa,home_addr_line2,character varying(200),Sneyd Green,7,2026-08-22 17:19:56.837187,3b352ff4-8ed7-4ba3-986c-6e91caea0da8,
bronze,ipa,placement_framework_or_spot,character varying(40),Framework,2,2026-08-22 17:19:56.837187,3b352ff4-8ed7-4ba3-986c-6e91caea0da8,
bronze,ipa,placement_framework_or_spot,character varying(40),Spot,2,2026-08-22 17:19:56.837187,3b352ff4-8ed7-4ba3-986c-6e91caea0da8,
bronze,additional_fee,fee_frequency,character varying(50),ONE_OFF,3,2026-08-22 17:19:56.837187,3b352ff4-8ed7-4ba3-986c-6e91caea0da8,
bronze,additional_fee,fee_frequency,character varying(50),PER_HOUR,3,2026-08-22 17:19:56.837187,3b352ff4-8ed7-4ba3-986c-6e91caea0da8,
bronze,additional_fee,fee_frequency,character varying(50),PER_WEEK,3,2026-08-22 17:19:56.837187,3b352ff4-8ed7-4ba3-986c-6e91caea0da8,
bronze,referral,referral_status,character varying(50),CANCELLED,4,2026-08-22 17:19:56.837187,3b352ff4-8ed7-4ba3-986c-6e91caea0da8,
bronze,referral,referral_status,character varying(50),CLOSED,4,2026-08-22 17:19:56.837187,3b352ff4-8ed7-4ba3-986c-6e91caea0da8,
bronze,referral,referral_status,character varying(50),OPEN,4,2026-08-22 17:19:56.837187,3b352ff4-8ed7-4ba3-986c-6e91caea0da8,
bronze,referral,referral_status,character varying(50),UNDER_OFFER,4,2026-08-22 17:19:56.837187,3b352ff4-8ed7-4ba3-986c-6e91caea0da8,
bronze,provider_home,service_type,character varying(100),PLCM-REST,2,2026-08-22 17:19:56.837187,3b352ff4-8ed7-4ba3-986c-6e91caea0da8,
bronze,provider_home,service_type,character varying(100),PLCM-SUPA,2,2026-08-22 17:19:56.837187,3b352ff4-8ed7-4ba3-986c-6e91caea0da8,
bronze,ipa,la_addr_line2,character varying(200),"1 Avenue Road, Aston",2,2026-08-22 17:19:56.837187,3b352ff4-8ed7-4ba3-986c-6e91caea0da8,
bronze,ipa,la_addr_line2,character varying(200),82 Oxford Road,2,2026-08-22 17:19:56.837187,3b352ff4-8ed7-4ba3-986c-6e91caea0da8,
bronze,ipa_child,child_religion,character varying(80),RLGN-CHRI,5,2026-08-22 17:19:56.837187,3b352ff4-8ed7-4ba3-986c-6e91caea0da8,
bronze,ipa_child,child_religion,character varying(80),RLGN-MUSL,5,2026-08-22 17:19:56.837187,3b352ff4-8ed7-4ba3-986c-6e91caea0da8,
bronze,ipa_child,child_religion,character varying(80),RLGN-NORE,5,2026-08-22 17:19:56.837187,3b352ff4-8ed7-4ba3-986c-6e91caea0da8,
bronze,ipa_child,child_religion,character varying(80),RLGN-OTHR,5,2026-08-22 17:19:56.837187,3b352ff4-8ed7-4ba3-986c-6e91caea0da8,
bronze,ipa_child,child_religion,character varying(80),RLGN-RELU,5,2026-08-22 17:19:56.837187,3b352ff4-8ed7-4ba3-986c-6e91caea0da8,
bronze,ipa,home_addr_county,character varying(200),Staffordshire,3,2026-08-22 17:19:56.837187,3b352ff4-8ed7-4ba3-986c-6e91caea0da8,
bronze,ipa,home_addr_county,character varying(200),West Midlands,3,2026-08-22 17:19:56.837187,3b352ff4-8ed7-4ba3-986c-6e91caea0da8,
bronze,ipa,home_addr_county,character varying(200),WestMidlands,3,2026-08-22 17:19:56.837187,3b352ff4-8ed7-4ba3-986c-6e91caea0da8,
bronze,referral_person,age_date_unit,character varying(200),months,2,2026-08-22 17:19:56.837187,3b352ff4-8ed7-4ba3-986c-6e91caea0da8,
bronze,referral_person,age_date_unit,character varying(200),years,2,2026-08-22 17:19:56.837187,3b352ff4-8ed7-4ba3-986c-6e91caea0da8,
bronze,foster_carer,religion_code,character varying(9),RLGN-CHRI,3,2026-08-22 17:19:56.837187,3b352ff4-8ed7-4ba3-986c-6e91caea0da8,
bronze,foster_carer,religion_code,character varying(9),RLGN-MUSL,3,2026-08-22 17:19:56.837187,3b352ff4-8ed7-4ba3-986c-6e91caea0da8,
bronze,foster_carer,religion_code,character varying(9),RLGN-NORE,3,2026-08-22 17:19:56.837187,3b352ff4-8ed7-4ba3-986c-6e91caea0da8,
bronze,offer,offer_type,character varying(50),DRAFT,4,2026-08-22 17:19:56.837187,3b352ff4-8ed7-4ba3-986c-6e91caea0da8,
bronze,offer,offer_type,character varying(50),FOSTERING,4,2026-08-22 17:19:56.837187,3b352ff4-8ed7-4ba3-986c-6e91caea0da8,
bronze,offer,offer_type,character varying(50),RESIDENTIAL,4,2026-08-22 17:19:56.837187,3b352ff4-8ed7-4ba3-986c-6e91caea0da8,
bronze,offer,offer_type,character varying(50),SUPPORTED_ACCOMMODATION,4,2026-08-22 17:19:56.837187,3b352ff4-8ed7-4ba3-986c-6e91caea0da8,
bronze,foster_carer,language_code,character varying(9),LANG-ENGL,2,2026-08-22 17:19:56.837187,3b352ff4-8ed7-4ba3-986c-6e91caea0da8,
bronze,foster_carer,language_code,character varying(9),LANG-URDU,2,2026-08-22 17:19:56.837187,3b352ff4-8ed7-4ba3-986c-6e91caea0da8,
bronze,ipa,placement_type,character varying(120),Residential care,1,2026-08-22 17:19:56.837187,3b352ff4-8ed7-4ba3-986c-6e91caea0da8,
bronze,referral_person,gender,character varying(200),Another Gender,3,2026-08-22 17:19:56.837187,3b352ff4-8ed7-4ba3-986c-6e91caea0da8,
bronze,referral_person,gender,character varying(200),Female,3,2026-08-22 17:19:56.837187,3b352ff4-8ed7-4ba3-986c-6e91caea0da8,
bronze,referral_person,gender,character varying(200),Male,3,2026-08-22 17:19:56.837187,3b352ff4-8ed7-4ba3-986c-6e91caea0da8,
bronze,offer,offer_status,character varying(50),DRAFT,5,2026-08-22 17:19:56.837187,3b352ff4-8ed7-4ba3-986c-6e91caea0da8,
bronze,offer,offer_status,character varying(50),OFFER_MADE,5,2026-08-22 17:19:56.837187,3b352ff4-8ed7-4ba3-986c-6e91caea0da8,
bronze,offer,offer_status,character varying(50),OFFER_SUCCESSFUL,5,2026-08-22 17:19:56.837187,3b352ff4-8ed7-4ba3-986c-6e91caea0da8,
bronze,offer,offer_status,character varying(50),OFFER_WITHDRAWN,5,2026-08-22 17:19:56.837187,3b352ff4-8ed7-4ba3-986c-6e91caea0da8,
bronze,offer,offer_status,character varying(50),OFFER_UNSUCCESSFUL,5,2026-08-22 17:19:56.837187,3b352ff4-8ed7-4ba3-986c-6e91caea0da8,
bronze,framework,framework_code,character varying(10),FOST-24,3,2026-08-22 17:19:56.837187,3b352ff4-8ed7-4ba3-986c-6e91caea0da8,
bronze,framework,framework_code,character varying(10),RESI-24,3,2026-08-22 17:19:56.837187,3b352ff4-8ed7-4ba3-986c-6e91caea0da8,
bronze,framework,framework_code,character varying(10),SUPA-24,3,2026-08-22 17:19:56.837187,3b352ff4-8ed7-4ba3-986c-6e91caea0da8,
bronze,foster_carer,gender_code,character varying(9),GEND-FMLE,2,2026-08-22 17:19:56.837187,3b352ff4-8ed7-4ba3-986c-6e91caea0da8,
bronze,foster_carer,gender_code,character varying(9),GEND-MALE,2,2026-08-22 17:19:56.837187,3b352ff4-8ed7-4ba3-986c-6e91caea0da8,
bronze,ipa,schedule_addr_town,character varying(100),Birmingham,1,2026-08-22 17:19:56.837187,3b352ff4-8ed7-4ba3-986c-6e91caea0da8,
bronze,ipa_child,child_gender,character varying(40),GEND-FMLE,2,2026-08-22 17:19:56.837187,3b352ff4-8ed7-4ba3-986c-6e91caea0da8,
bronze,ipa_child,child_gender,character varying(40),GEND-MALE,2,2026-08-22 17:19:56.837187,3b352ff4-8ed7-4ba3-986c-6e91caea0da8,
bronze,ipa_child,child_known_as,character varying(150),Ashton ,1,2026-08-22 17:19:56.837187,3b352ff4-8ed7-4ba3-986c-6e91caea0da8,
bronze,ipa,invoice_addr_town,character varying(100),Birmingham,1,2026-08-22 17:19:56.837187,3b352ff4-8ed7-4ba3-986c-6e91caea0da8,
bronze,offer,category_code,character varying(100),SPT-FST-1,6,2026-08-22 17:19:56.837187,3b352ff4-8ed7-4ba3-986c-6e91caea0da8,
bronze,offer,category_code,character varying(100),SPT-FST-6,6,2026-08-22 17:19:56.837187,3b352ff4-8ed7-4ba3-986c-6e91caea0da8,
bronze,offer,category_code,character varying(100),SPT-SPA-1,6,2026-08-22 17:19:56.837187,3b352ff4-8ed7-4ba3-986c-6e91caea0da8,
bronze,offer,category_code,character varying(100),SPT-SPA-2,6,2026-08-22 17:19:56.837187,3b352ff4-8ed7-4ba3-986c-6e91caea0da8,
bronze,offer,category_code,character varying(100),SPT-SPA-3,6,2026-08-22 17:19:56.837187,3b352ff4-8ed7-4ba3-986c-6e91caea0da8,
bronze,offer,category_code,character varying(100),null,6,2026-08-22 17:19:56.837187,3b352ff4-8ed7-4ba3-986c-6e91caea0da8,
bronze,ipa,status,character varying(100),DRAFT,5,2026-08-22 17:19:56.837187,3b352ff4-8ed7-4ba3-986c-6e91caea0da8,
bronze,ipa,status,character varying(100),SIGNED,5,2026-08-22 17:19:56.837187,3b352ff4-8ed7-4ba3-986c-6e91caea0da8,
bronze,ipa,status,character varying(100),READY_FOR_SIGNATURE,5,2026-08-22 17:19:56.837187,3b352ff4-8ed7-4ba3-986c-6e91caea0da8,
bronze,ipa,status,character varying(100),SIGNED_BY_LA,5,2026-08-22 17:19:56.837187,3b352ff4-8ed7-4ba3-986c-6e91caea0da8,
bronze,ipa,status,character varying(100),SIGNED_BY_PROVIDER,5,2026-08-22 17:19:56.837187,3b352ff4-8ed7-4ba3-986c-6e91caea0da8,
bronze,ipa,payment_method,character varying(120),invoice,2,2026-08-22 17:19:56.837187,3b352ff4-8ed7-4ba3-986c-6e91caea0da8,
bronze,ipa,payment_method,character varying(120),schedule,2,2026-08-22 17:19:56.837187,3b352ff4-8ed7-4ba3-986c-6e91caea0da8,
bronze,ipa,la_addr_town,character varying(100),Uxbridge,2,2026-08-22 17:19:56.837187,3b352ff4-8ed7-4ba3-986c-6e91caea0da8,
bronze,ipa,la_addr_town,character varying(100),Birmingham,2,2026-08-22 17:19:56.837187,3b352ff4-8ed7-4ba3-986c-6e91caea0da8,
